behavior_session_id,ophys_session_id,ophys_container_id,mouse_id,indicator,full_genotype,driver_line,cre_line,reporter_line,sex,age_in_days,imaging_plane_group_count,project_code,session_type,session_number,image_set,behavior_type,experience_level,prior_exposures_to_session_type,prior_exposures_to_image_set,prior_exposures_to_omissions,date_of_acquisition,equipment_name,num_depths_per_area,ophys_experiment_id,num_targeted_structures,correct_reject_trial_count,catch_trial_count,go_trial_count,miss_trial_count,trial_count,file_id,false_alarm_trial_count,engaged_trial_count,hit_trial_count,auto_reward_count,earned_reward_count,total_reward_count,total_reward_volume,maximum_reward_rate,mean_hit_rate,mean_hit_rate_uncorrected,mean_hit_rate_engaged,mean_false_alarm_rate,mean_false_alarm_rate_uncorrected,mean_false_alarm_rate_engaged,mean_dprime,mean_dprime_engaged,max_dprime,max_dprime_engaged,mean_running_speed,mean_pupil_area,mean_dff
775378326,775289198.0,[782536745],403491,GCaMP6f,Slc17a7-IRES2-Cre/wt;Camk2a-tTA/wt;Ai93(TITL-GCaMP6f)/wt,"['Slc17a7-IRES2-Cre', 'Camk2a-tTA']",Slc17a7-IRES2-Cre,Ai93(TITL-GCaMP6f),F,160,,VisualBehavior,OPHYS_1_images_A,1,images_A,active_behavior,Familiar,1,44,5,08-11-18 12:22,CAM2P.5,1.0,[775614751],1.0,0,5,34,5,1117,-999,5,0,29,0,29,29,0.203,1.780378026,0.725855536,0.713035023,,0.785677083,1.0,,-0.174905935,,0.604585347,,28.83806705,1.307337239,0.007221989
788017709,787661032.0,[782536745],403491,GCaMP6f,Slc17a7-IRES2-Cre/wt;Camk2a-tTA/wt;Ai93(TITL-GCaMP6f)/wt,"['Slc17a7-IRES2-Cre', 'Camk2a-tTA']",Slc17a7-IRES2-Cre,Ai93(TITL-GCaMP6f),F,181,,VisualBehavior,OPHYS_6_images_B,6,images_B,active_behavior,Novel >1,1,5,17,29-11-18 10:32,CAM2P.5,1.0,[788490510],1.0,16,24,166,57,843,-999,8,402,109,0,109,109,0.763,3.22752018,0.749491438,0.74422828,0.793979517,0.48156802,0.50449571,0.518035472,0.782831262,0.780642434,1.786599787,1.723619439,-0.003575251,1.692073163,0.009265895
792680306,792619807.0,[791352433],412036,GCaMP6f,Vip-IRES-Cre/wt;Ai148(TIT2L-GC6f-ICL-tTA2)/wt,['Vip-IRES-Cre'],Vip-IRES-Cre,Ai148(TIT2L-GC6f-ICL-tTA2),F,148,,VisualBehavior,OPHYS_1_images_A,1,images_A,active_behavior,Familiar,0,19,1,10-12-18 14:37,CAM2P.4,1.0,[792815735],1.0,20,24,164,102,937,-999,4,17,62,0,62,62,0.434,2.283272185,0.452544696,0.448555334,0.469052224,0.301197959,0.346352968,0.625,0.594282698,-0.417742108,1.760123362,0.187761229,21.1107587,1.198609397,0.008140598
794968300,794918442.0,[791352433],412036,GCaMP6f,Vip-IRES-Cre/wt;Ai148(TIT2L-GC6f-ICL-tTA2)/wt,['Vip-IRES-Cre'],Vip-IRES-Cre,Ai148(TIT2L-GC6f-ICL-tTA2),F,151,,VisualBehavior,OPHYS_3_images_A,3,images_A,active_behavior,Familiar,0,21,3,13-12-18 14:33,CAM2P.4,1.0,[795073741],1.0,9,12,100,29,1051,-999,3,105,71,0,71,71,0.497,2.814602684,0.754771329,0.750307044,0.735291499,0.325652357,0.246948653,0.303470186,1.203225105,1.154542076,1.843438595,1.764151732,30.90350166,1.281022278,0.018865367
795742990,795625712.0,[791352433],412036,GCaMP6f,Vip-IRES-Cre/wt;Ai148(TIT2L-GC6f-ICL-tTA2)/wt,['Vip-IRES-Cre'],Vip-IRES-Cre,Ai148(TIT2L-GC6f-ICL-tTA2),F,152,,VisualBehavior,OPHYS_4_images_B,4,images_B,active_behavior,Novel 1,0,0,4,14-12-18 13:37,CAM2P.4,1.0,[795953296],1.0,23,29,214,119,692,-999,6,341,95,0,95,95,0.665,3.888489079,0.575536689,0.571748811,0.749590738,0.241032801,0.216970158,0.267693418,0.937126373,1.322297486,1.756979339,1.756979339,27.35250403,,0.052242444
796251270,796236521.0,[791352433],412036,GCaMP6f,Vip-IRES-Cre/wt;Ai148(TIT2L-GC6f-ICL-tTA2)/wt,['Vip-IRES-Cre'],Vip-IRES-Cre,Ai148(TIT2L-GC6f-ICL-tTA2),F,154,,VisualBehavior,OPHYS_6_images_B,6,images_B,active_behavior,Novel >1,0,2,6,16-12-18 14:15,CAM2P.4,1.0,[796308505],1.0,23,28,197,75,739,-999,5,443,122,0,122,122,0.854,4.415743421,0.747120371,0.751750001,0.761777098,0.281318427,0.288616175,0.304427365,1.41416998,1.332069992,2.236554018,2.057483877,28.5872101,1.458221659,0.024680885
792477679,792327341.0,[814796612],412366,GCaMP6f,Slc17a7-IRES2-Cre/wt;Camk2a-tTA/wt;Ai93(TITL-GCaMP6f)/wt,"['Slc17a7-IRES2-Cre', 'Camk2a-tTA']",Slc17a7-IRES2-Cre,Ai93(TITL-GCaMP6f),F,147,,VisualBehavior,OPHYS_1_images_A,1,images_A,active_behavior,Familiar,0,11,1,10-12-18 9:52,CAM2P.4,1.0,[792813858],1.0,2,17,134,55,697,-999,15,133,79,0,79,79,0.553,3.07380562,0.547954263,0.542987376,0.563959949,0.818716448,0.885321386,0.861107394,-0.801952424,-0.892277029,0.223007831,-0.701517169,28.5162867,1.362578589,0.007908647
794071128,793857113.0,[814796612],412366,GCaMP6f,Slc17a7-IRES2-Cre/wt;Camk2a-tTA/wt;Ai93(TITL-GCaMP6f)/wt,"['Slc17a7-IRES2-Cre', 'Camk2a-tTA']",Slc17a7-IRES2-Cre,Ai93(TITL-GCaMP6f),F,149,,VisualBehavior,OPHYS_3_images_A,3,images_A,active_behavior,Familiar,0,13,3,12-12-18 9:54,CAM2P.4,1.0,[794381992],1.0,9,20,135,67,757,-999,11,20,68,0,68,68,0.476,2.406061886,0.440283933,0.435445223,0.448259949,0.519328099,0.532750918,0.57755102,-0.200186502,-0.326479073,0.207719468,-0.245006223,24.67647883,1.179782604,0.007076115
794673280,794474159.0,[814796612],412366,GCaMP6f,Slc17a7-IRES2-Cre/wt;Camk2a-tTA/wt;Ai93(TITL-GCaMP6f)/wt,"['Slc17a7-IRES2-Cre', 'Camk2a-tTA']",Slc17a7-IRES2-Cre,Ai93(TITL-GCaMP6f),F,150,,VisualBehavior,OPHYS_4_images_B,4,images_B,active_behavior,Novel 1,0,0,4,13-12-18 9:23,CAM2P.4,1.0,[795076128],1.0,14,22,144,75,749,-999,8,79,69,0,69,69,0.483,2.709655145,0.512497508,0.519375018,0.465355374,0.358296384,0.34380363,0.298433048,0.307659991,0.429922925,0.728893042,0.728893042,33.58282913,1.422318394,0.008081609
796031509,796019065.0,[814796612],412366,GCaMP6f,Slc17a7-IRES2-Cre/wt;Camk2a-tTA/wt;Ai93(TITL-GCaMP6f)/wt,"['Slc17a7-IRES2-Cre', 'Camk2a-tTA']",Slc17a7-IRES2-Cre,Ai93(TITL-GCaMP6f),F,152,,VisualBehavior,OPHYS_6_images_B,6,images_B,active_behavior,Novel >1,0,2,6,15-12-18 10:44,CAM2P.4,1.0,[796105304],1.0,15,22,150,72,755,-999,7,112,78,0,78,78,0.546,3.292915786,0.537789244,0.543118701,0.495959917,0.42351425,0.411244311,0.37649708,0.289095738,0.323583938,0.950717777,0.947984287,28.9326328,1.238306982,0.007402345
803341010,803223329.0,[814797528],421136,GCaMP6f,Vip-IRES-Cre/wt;Ai148(TIT2L-GC6f-ICL-tTA2)/wt,['Vip-IRES-Cre'],Vip-IRES-Cre,Ai148(TIT2L-GC6f-ICL-tTA2),M,127,,VisualBehavior,OPHYS_1_images_A,1,images_A,active_behavior,Familiar,1,14,9,04-01-19 9:50,CAM2P.5,1.0,[803736273],1.0,25,29,213,155,725,-999,4,102,58,0,58,58,0.406,2.947614021,0.33460322,0.336669335,0.363621375,0.199890953,0.219616935,0.349472991,0.499478829,0.109256913,1.029599598,0.686975155,0.014991626,1.125949197,0.024484397
805373492,805269503.0,[814797528],421136,GCaMP6f,Vip-IRES-Cre/wt;Ai148(TIT2L-GC6f-ICL-tTA2)/wt,['Vip-IRES-Cre'],Vip-IRES-Cre,Ai148(TIT2L-GC6f-ICL-tTA2),M,131,,VisualBehavior,OPHYS_4_images_B,4,images_B,active_behavior,Novel >1,1,3,11,08-01-19 9:43,CAM2P.5,1.0,[805784331],1.0,17,22,158,94,857,-999,5,141,64,0,64,64,0.448,3.245726224,0.641891928,0.653423151,0.884184886,0.401985321,0.432766597,0.60485348,0.788794103,0.936645634,1.465233793,1.195467437,1.897038348,1.281293495,0.02663802
808107647,808092249.0,[814797528],421136,GCaMP6f,Vip-IRES-Cre/wt;Ai148(TIT2L-GC6f-ICL-tTA2)/wt,['Vip-IRES-Cre'],Vip-IRES-Cre,Ai148(TIT2L-GC6f-ICL-tTA2),M,137,,VisualBehavior,OPHYS_6_images_B,6,images_B,active_behavior,Novel >1,1,5,14,14-01-19 9:41,CAM2P.5,1.0,[808621958],1.0,13,16,113,27,1027,-999,3,194,86,0,86,86,0.602,4.483181879,0.890165138,0.906164232,0.893542149,0.405649423,0.438202377,0.367209642,1.628961583,1.641987862,2.508050479,1.93011099,7.692182558,1.654406471,0.030341256
821521826,821471625.0,[803516615],423606,GCaMP6s,Slc17a7-IRES2-Cre/wt;Camk2a-tTA/wt;Ai94(TITL-GCaMP6s)/wt,"['Slc17a7-IRES2-Cre', 'Camk2a-tTA']",Slc17a7-IRES2-Cre,Ai94(TITL-GCaMP6s),M,150,,VisualBehavior,OPHYS_1_images_A,1,images_A,active_behavior,Familiar,3,20,14,12-02-19 10:11,CAM2P.3,1.0,[822024770],1.0,30,33,227,94,649,-999,3,417,133,0,133,133,0.931,4.572923403,0.711188861,0.717803128,0.804398297,0.180352468,0.175251735,0.231253756,1.763066722,1.865129387,2.759510729,2.759510729,18.68885265,1.151017066,0.007914329
822995693,822734832.0,[803516615],423606,GCaMP6s,Slc17a7-IRES2-Cre/wt;Camk2a-tTA/wt;Ai94(TITL-GCaMP6s)/wt,"['Slc17a7-IRES2-Cre', 'Camk2a-tTA']",Slc17a7-IRES2-Cre,Ai94(TITL-GCaMP6s),M,152,,VisualBehavior,OPHYS_3_images_A,3,images_A,active_behavior,Familiar,1,22,16,14-02-19 10:36,CAM2P.3,1.0,[823392290],1.0,30,38,255,107,577,-999,8,389,148,0,148,148,1.036,4.753826471,0.709552345,0.715833453,0.824033448,0.300662898,0.325836509,0.39015423,1.276226612,1.348088809,2.220731231,2.220731231,22.51569128,1.19360434,0.006900022
824625446,824433631.0,[803516615],423606,GCaMP6s,Slc17a7-IRES2-Cre/wt;Camk2a-tTA/wt;Ai94(TITL-GCaMP6s)/wt,"['Slc17a7-IRES2-Cre', 'Camk2a-tTA']",Slc17a7-IRES2-Cre,Ai94(TITL-GCaMP6s),M,156,,VisualBehavior,OPHYS_4_images_B,4,images_B,active_behavior,Novel >1,1,5,17,18-02-19 9:56,CAM2P.3,1.0,[825120601],1.0,36,39,273,124,578,-999,3,399,149,0,149,149,1.043,5.278430119,0.691074098,0.69740739,0.914339007,0.125608678,0.086646938,0.164906352,1.910758096,2.494730781,3.245725995,3.245725995,21.65302183,1.362815814,0.009795661
825801398,825682144.0,[803516615],423606,GCaMP6s,Slc17a7-IRES2-Cre/wt;Camk2a-tTA/wt;Ai94(TITL-GCaMP6s)/wt,"['Slc17a7-IRES2-Cre', 'Camk2a-tTA']",Slc17a7-IRES2-Cre,Ai94(TITL-GCaMP6s),M,158,,VisualBehavior,OPHYS_6_images_B,6,images_B,active_behavior,Novel >1,3,7,19,20-02-19 9:25,CAM2P.3,1.0,[826585773],1.0,41,43,295,219,545,-999,2,155,76,0,76,76,0.532,4.365035556,0.383456344,0.389216439,0.882106172,0.092637361,0.063889986,0.19025974,0.996375345,2.136899024,2.801336202,2.801336202,18.96534404,1.249271151,0.008663428
806109931,805989030.0,[803517529],425493,GCaMP6f,Slc17a7-IRES2-Cre/wt;Camk2a-tTA/wt;Ai93(TITL-GCaMP6f)/wt,"['Slc17a7-IRES2-Cre', 'Camk2a-tTA']",Slc17a7-IRES2-Cre,Ai93(TITL-GCaMP6f),M,106,,VisualBehavior,OPHYS_1_images_A,1,images_A,active_behavior,Familiar,0,8,2,09-01-19 11:48,CAM2P.4,1.0,[806456687],1.0,29,34,237,78,635,-999,5,543,159,0,159,159,1.113,4.297050827,0.736065722,0.740294118,0.753937251,0.187803525,0.15756178,0.204697993,1.654451245,1.619955195,2.249224872,2.249224872,6.497491911,,0.007953384
807356557,807208045.0,[803517529],425493,GCaMP6f,Slc17a7-IRES2-Cre/wt;Camk2a-tTA/wt;Ai93(TITL-GCaMP6f)/wt,"['Slc17a7-IRES2-Cre', 'Camk2a-tTA']",Slc17a7-IRES2-Cre,Ai93(TITL-GCaMP6f),M,108,,VisualBehavior,OPHYS_3_images_A,3,images_A,active_behavior,Familiar,0,10,4,11-01-19 11:42,CAM2P.4,1.0,[807752719],1.0,14,21,155,24,912,-999,7,641,131,0,131,131,0.917,4.014579981,0.778865255,0.770342528,0.788056121,0.274187321,0.250663511,0.268079863,1.446276781,1.488556796,2.062261582,2.062261582,2.265763533,1.573534388,0.006968016
808324301,808107961.0,[803517529],425493,GCaMP6f,Slc17a7-IRES2-Cre/wt;Camk2a-tTA/wt;Ai93(TITL-GCaMP6f)/wt,"['Slc17a7-IRES2-Cre', 'Camk2a-tTA']",Slc17a7-IRES2-Cre,Ai93(TITL-GCaMP6f),M,111,,VisualBehavior,OPHYS_4_images_B,4,images_B,active_behavior,Novel 1,0,0,5,14-01-19 12:09,CAM2P.4,1.0,[808619543],1.0,28,30,221,45,796,-999,2,707,176,0,176,176,1.232,4.671510215,0.881368901,0.888048603,0.896601319,0.134342651,0.067104748,0.135123516,2.43099878,2.480663494,2.930467585,2.930467585,8.004289759,1.691252912,0.013315717
812955256,812802821.0,[803517529],425493,GCaMP6f,Slc17a7-IRES2-Cre/wt;Camk2a-tTA/wt;Ai93(TITL-GCaMP6f)/wt,"['Slc17a7-IRES2-Cre', 'Camk2a-tTA']",Slc17a7-IRES2-Cre,Ai93(TITL-GCaMP6f),M,121,,VisualBehavior,OPHYS_6_images_B,6,images_B,active_behavior,Novel >1,1,4,12,24-01-19 11:56,CAM2P.4,1.0,[813083478],1.0,37,38,255,136,682,-999,1,443,119,0,119,119,0.833,4.081387862,0.527416824,0.522748369,0.550650014,0.078543155,0.029199996,0.090358119,1.590928073,1.564183268,2.669396729,2.669396729,15.56074339,1.901194028,0.009076229
806296598,806203732.0,[803589437],425496,GCaMP6f,Slc17a7-IRES2-Cre/wt;Camk2a-tTA/wt;Ai93(TITL-GCaMP6f)/wt,"['Slc17a7-IRES2-Cre', 'Camk2a-tTA']",Slc17a7-IRES2-Cre,Ai93(TITL-GCaMP6f),M,106,,VisualBehavior,OPHYS_1_images_A,1,images_A,active_behavior,Familiar,0,8,1,09-01-19 15:10,CAM2P.4,1.0,[806455766],1.0,25,32,202,78,718,-999,7,460,124,0,124,124,0.868,4.356632689,0.718319605,0.713868038,0.795200223,0.278595237,0.249465444,0.233947824,1.302023706,1.624674105,2.31632376,2.31632376,29.22594062,1.487576445,0.003533313
807584876,807393193.0,[803589437],425496,GCaMP6f,Slc17a7-IRES2-Cre/wt;Camk2a-tTA/wt;Ai93(TITL-GCaMP6f)/wt,"['Slc17a7-IRES2-Cre', 'Camk2a-tTA']",Slc17a7-IRES2-Cre,Ai93(TITL-GCaMP6f),M,108,,VisualBehavior,OPHYS_3_images_A,3,images_A,active_behavior,Familiar,0,10,3,11-01-19 13:48,CAM2P.4,1.0,[807753334],1.0,21,27,203,43,679,-999,6,591,160,0,160,160,1.12,3.963219852,0.769953308,0.772127221,0.776410389,0.24103913,0.230949444,0.236567094,1.491270958,1.503774596,2.013652237,2.013652237,32.13557662,1.272436551,0.002762996
808432167,808340530.0,[803589437],425496,GCaMP6f,Slc17a7-IRES2-Cre/wt;Camk2a-tTA/wt;Ai93(TITL-GCaMP6f)/wt,"['Slc17a7-IRES2-Cre', 'Camk2a-tTA']",Slc17a7-IRES2-Cre,Ai93(TITL-GCaMP6f),M,111,,VisualBehavior,OPHYS_4_images_B,4,images_B,active_behavior,Novel 1,0,0,4,14-01-19 13:59,CAM2P.4,1.0,[808621034],1.0,24,34,233,86,659,-999,10,462,147,0,147,147,1.029,4.228285681,0.760943104,0.769842927,0.895611646,0.379955567,0.401902132,0.434281933,1.261515864,1.595603862,2.241402728,2.241402728,30.75253075,1.272867358,0.005494043
809427293,809393834.0,[803589437],425496,GCaMP6f,Slc17a7-IRES2-Cre/wt;Camk2a-tTA/wt;Ai93(TITL-GCaMP6f)/wt,"['Slc17a7-IRES2-Cre', 'Camk2a-tTA']",Slc17a7-IRES2-Cre,Ai93(TITL-GCaMP6f),M,113,,VisualBehavior,OPHYS_6_images_B,6,images_B,active_behavior,Novel >1,0,2,6,16-01-19 15:01,CAM2P.4,1.0,[809501118],1.0,19,24,171,16,765,-999,5,616,155,0,155,155,1.085,4.14348509,0.922459262,0.935724997,0.929032244,0.192389097,0.139554046,0.17882979,2.421471609,2.483927131,3.031168441,3.031168441,35.81437222,1.308329515,0.005591173
825888541,825682242.0,[825183217],429952,GCaMP6f,Vip-IRES-Cre/wt;Ai148(TIT2L-GC6f-ICL-tTA2)/wt,['Vip-IRES-Cre'],Vip-IRES-Cre,Ai148(TIT2L-GC6f-ICL-tTA2),M,131,,VisualBehavior,OPHYS_1_images_A,1,images_A,active_behavior,Familiar,0,11,1,20-02-19 9:52,CAM2P.4,1.0,[826587940],1.0,50,50,346,340,437,-999,0,0,6,0,6,6,0.042,0.514049795,0.032792541,0.029418488,,0.069646484,0.0,,-0.418382962,,-0.017330523,,27.63112367,1.467566144,0.012191316
835820832,835795999.0,[825183217],429952,GCaMP6f,Vip-IRES-Cre/wt;Ai148(TIT2L-GC6f-ICL-tTA2)/wt,['Vip-IRES-Cre'],Vip-IRES-Cre,Ai148(TIT2L-GC6f-ICL-tTA2),M,151,,VisualBehavior,OPHYS_3_images_A,3,images_A,active_behavior,Familiar,0,17,13,12-03-19 9:10,CAM2P.4,1.0,[836258957],1.0,47,47,334,332,454,-999,0,0,2,0,2,2,0.014,0.461991177,0.012273773,0.001378158,,0.057601801,0.0,,-0.638039162,,-0.226779258,,18.591542,1.2100704,0.012409099
829578829,829521794.0,[825183217],429952,GCaMP6f,Vip-IRES-Cre/wt;Ai148(TIT2L-GC6f-ICL-tTA2)/wt,['Vip-IRES-Cre'],Vip-IRES-Cre,Ai148(TIT2L-GC6f-ICL-tTA2),M,138,,VisualBehavior,OPHYS_4_images_B,4,images_B,active_behavior,Novel 1,0,0,6,27-02-19 10:00,CAM2P.4,1.0,[830093338],1.0,50,51,346,345,437,-999,1,0,1,0,1,1,0.007,0.206537881,0.013024489,0.002857921,,0.071514068,0.02358129,,-0.719432717,,-0.466462706,,27.58108653,1.395971594,0.021854533
831824426,831761261.0,[825183217],429952,GCaMP6f,Vip-IRES-Cre/wt;Ai148(TIT2L-GC6f-ICL-tTA2)/wt,['Vip-IRES-Cre'],Vip-IRES-Cre,Ai148(TIT2L-GC6f-ICL-tTA2),M,143,,VisualBehavior,OPHYS_6_images_B,6,images_B,active_behavior,Novel >1,1,3,9,04-03-19 9:19,CAM2P.4,1.0,[832115263],1.0,50,50,359,359,410,-999,0,0,0,0,0,0,0.0,0.0,0.011697253,0.0,,0.059373121,0.0,,-0.641908305,,-0.492433238,,19.61263183,1.524860547,0.008066261
832981154,832881662.0,[825183217],429952,GCaMP6f,Vip-IRES-Cre/wt;Ai148(TIT2L-GC6f-ICL-tTA2)/wt,['Vip-IRES-Cre'],Vip-IRES-Cre,Ai148(TIT2L-GC6f-ICL-tTA2),M,145,,VisualBehavior,OPHYS_6_images_B,6,images_B,active_behavior,Novel >1,2,4,10,06-03-19 9:25,CAM2P.4,1.0,[833631914],1.0,49,49,354,354,413,-999,0,0,0,0,0,0,0.0,0.0,0.01182113,0.0,,0.057789076,0.0,,-0.633228466,,-0.463616007,,21.69426746,,0.00791919
822439453,822388759.0,[812858755],431023,GCaMP6f,Slc17a7-IRES2-Cre/wt;Camk2a-tTA/wt;Ai93(TITL-GCaMP6f)/wt,"['Slc17a7-IRES2-Cre', 'Camk2a-tTA']",Slc17a7-IRES2-Cre,Ai93(TITL-GCaMP6f),M,111,,VisualBehavior,OPHYS_1_images_A,1,images_A,active_behavior,Familiar,2,12,12,13-02-19 14:56,CAM2P.5,1.0,[822647135],1.0,28,37,270,186,656,-999,9,333,84,0,84,84,0.588,4.016381616,0.43928492,0.442721988,0.7826871,0.317882994,0.314123596,0.585376211,0.264942312,0.563984797,1.067570524,1.067570524,5.094109352,1.122472152,0.006195183
824894721,824745199.0,[812858755],431023,GCaMP6f,Slc17a7-IRES2-Cre/wt;Camk2a-tTA/wt;Ai93(TITL-GCaMP6f)/wt,"['Slc17a7-IRES2-Cre', 'Camk2a-tTA']",Slc17a7-IRES2-Cre,Ai93(TITL-GCaMP6f),M,116,,VisualBehavior,OPHYS_3_images_A,3,images_A,active_behavior,Familiar,1,14,15,18-02-19 12:55,CAM2P.5,1.0,[825130141],1.0,19,29,199,113,711,-999,10,209,86,0,86,86,0.602,3.503569718,0.526387878,0.532053083,0.565835768,0.519042351,0.545959756,0.625446775,0.039707643,-0.158378294,1.15034938,1.15034938,9.24437035,1.328810587,0.008088246
817165094,817101568.0,[812858755],431023,GCaMP6f,Slc17a7-IRES2-Cre/wt;Camk2a-tTA/wt;Ai93(TITL-GCaMP6f)/wt,"['Slc17a7-IRES2-Cre', 'Camk2a-tTA']",Slc17a7-IRES2-Cre,Ai93(TITL-GCaMP6f),M,99,,VisualBehavior,OPHYS_4_images_B,4,images_B,active_behavior,Novel 1,0,0,5,01-02-19 13:34,CAM2P.5,1.0,[817267785],1.0,36,40,275,208,546,-999,4,205,67,0,67,67,0.469,4.379773307,0.381641902,0.377760063,0.886373092,0.199078655,0.180350959,0.535105133,0.401851429,1.130253225,1.760470869,1.666766593,5.148018418,1.10680056,0.008319722
820124540,819949602.0,[812858755],431023,GCaMP6f,Slc17a7-IRES2-Cre/wt;Camk2a-tTA/wt;Ai93(TITL-GCaMP6f)/wt,"['Slc17a7-IRES2-Cre', 'Camk2a-tTA']",Slc17a7-IRES2-Cre,Ai93(TITL-GCaMP6f),M,105,,VisualBehavior,OPHYS_6_images_B,6,images_B,active_behavior,Novel >1,0,4,9,07-02-19 16:05,CAM2P.5,1.0,[820307518],1.0,34,36,249,148,592,-999,2,264,101,0,101,101,0.707,4.743389092,0.551836666,0.558304287,0.865493266,0.107819369,0.105392291,0.189944352,1.39519271,2.083303762,2.640122265,2.362478919,3.067814764,0.971476639,0.005398526
830419451,830272668.0,[829561794],431252,GCaMP6f,Slc17a7-IRES2-Cre/wt;Camk2a-tTA/wt;Ai93(TITL-GCaMP6f)/wt,"['Slc17a7-IRES2-Cre', 'Camk2a-tTA']",Slc17a7-IRES2-Cre,Ai93(TITL-GCaMP6f),F,133,,VisualBehavior,OPHYS_1_images_A,1,images_A,active_behavior,Familiar,0,17,4,28-02-19 11:39,CAM2P.4,1.0,[830700781],1.0,34,37,256,196,603,-999,3,48,60,0,60,60,0.42,2.854639035,0.250642718,0.244735184,0.317760102,0.129168594,0.088519255,0.192754919,0.500952776,0.441889993,1.072294914,0.905361062,25.11071771,1.304679523,0.025928769
833100683,833002992.0,[829561794],431252,GCaMP6f,Slc17a7-IRES2-Cre/wt;Camk2a-tTA/wt;Ai93(TITL-GCaMP6f)/wt,"['Slc17a7-IRES2-Cre', 'Camk2a-tTA']",Slc17a7-IRES2-Cre,Ai93(TITL-GCaMP6f),F,139,,VisualBehavior,OPHYS_3_images_A,3,images_A,active_behavior,Familiar,1,20,7,06-03-19 11:25,CAM2P.4,1.0,[833629926],1.0,28,34,237,143,651,-999,6,252,94,0,94,94,0.658,3.689086017,0.409824646,0.40261852,0.509038287,0.247373231,0.225710985,0.291781978,0.563505195,0.677837876,1.917381203,1.917381203,19.85275949,1.277451438,0.0224602
833946929,833812106.0,[829561794],431252,GCaMP6f,Slc17a7-IRES2-Cre/wt;Camk2a-tTA/wt;Ai93(TITL-GCaMP6f)/wt,"['Slc17a7-IRES2-Cre', 'Camk2a-tTA']",Slc17a7-IRES2-Cre,Ai93(TITL-GCaMP6f),F,140,,VisualBehavior,OPHYS_4_images_B,4,images_B,active_behavior,Novel 1,0,0,8,07-03-19 11:50,CAM2P.4,1.0,[834279496],1.0,30,37,265,171,585,-999,7,325,94,0,94,94,0.658,4.160986525,0.470240065,0.465907372,0.749325495,0.263549324,0.283051251,0.383590001,0.510361637,0.986764611,1.585406355,1.585406355,22.70101254,1.254092172,0.023593671
834928595,834887125.0,[829561794],431252,GCaMP6f,Slc17a7-IRES2-Cre/wt;Camk2a-tTA/wt;Ai93(TITL-GCaMP6f)/wt,"['Slc17a7-IRES2-Cre', 'Camk2a-tTA']",Slc17a7-IRES2-Cre,Ai93(TITL-GCaMP6f),F,141,,VisualBehavior,OPHYS_4_images_B,4,images_B,active_behavior,Novel >1,1,1,9,08-03-19 16:53,CAM2P.4,1.0,[835006071],1.0,33,35,235,145,637,-999,2,301,90,0,90,90,0.63,4.19455414,0.555099617,0.559808922,0.958398226,0.133352392,0.112607539,0.238418495,1.417032001,2.53211763,3.007727986,3.007727986,11.60028056,0.95774446,0.015814847
835940015,835796136.0,[829561794],431252,GCaMP6f,Slc17a7-IRES2-Cre/wt;Camk2a-tTA/wt;Ai93(TITL-GCaMP6f)/wt,"['Slc17a7-IRES2-Cre', 'Camk2a-tTA']",Slc17a7-IRES2-Cre,Ai93(TITL-GCaMP6f),F,145,,VisualBehavior,OPHYS_6_images_B,6,images_B,active_behavior,Novel >1,0,3,11,12-03-19 11:38,CAM2P.4,1.0,[836258936],1.0,31,37,256,187,649,-999,6,291,69,0,69,69,0.483,3.522017122,0.375072906,0.371870126,0.635452789,0.276221983,0.296686685,0.551995969,0.201423585,0.205263829,1.321681074,0.786197867,19.27964736,1.306874073,0.022800629
848599542,848253761.0,[846213087],436662,GCaMP6f,Slc17a7-IRES2-Cre/wt;Camk2a-tTA/wt;Ai93(TITL-GCaMP6f)/wt,"['Slc17a7-IRES2-Cre', 'Camk2a-tTA']",Slc17a7-IRES2-Cre,Ai93(TITL-GCaMP6f),M,138,,VisualBehavior,OPHYS_1_images_A,1,images_A,active_behavior,Familiar,0,35,0,09-04-19 15:06,CAM2P.4,1.0,[848692970],1.0,34,36,238,111,657,-999,2,349,127,5,127,132,0.914,4.49278205,0.539583739,0.537758921,0.562081146,0.100631219,0.059486413,0.09980088,1.487290426,1.504985926,2.191204755,2.121538784,34.50417289,1.221247125,0.007831225
849648618,849600749.0,[846213087],436662,GCaMP6f,Slc17a7-IRES2-Cre/wt;Camk2a-tTA/wt;Ai93(TITL-GCaMP6f)/wt,"['Slc17a7-IRES2-Cre', 'Camk2a-tTA']",Slc17a7-IRES2-Cre,Ai93(TITL-GCaMP6f),M,140,,VisualBehavior,OPHYS_3_images_A,3,images_A,active_behavior,Familiar,0,37,2,11-04-19 14:20,CAM2P.4,1.0,[850489605],1.0,27,33,246,164,586,-999,6,76,82,5,82,87,0.599,2.918964603,0.303647039,0.301854924,0.337448449,0.16540403,0.111476902,0.172749488,0.498706734,0.57446757,0.9273493,0.883755685,38.58336536,1.183114923,0.00871594
850985993,850959798.0,[846213087],436662,GCaMP6f,Slc17a7-IRES2-Cre/wt;Camk2a-tTA/wt;Ai93(TITL-GCaMP6f)/wt,"['Slc17a7-IRES2-Cre', 'Camk2a-tTA']",Slc17a7-IRES2-Cre,Ai93(TITL-GCaMP6f),M,141,,VisualBehavior,OPHYS_4_images_B,4,images_B,active_behavior,Novel 1,0,0,3,12-04-19 15:19,CAM2P.4,1.0,[851056106],1.0,31,35,244,159,626,-999,4,141,85,5,85,90,0.62,3.060566725,0.380834636,0.38412018,0.360507944,0.176880248,0.162637138,0.07905081,0.694131636,1.132617129,1.696733092,1.696733092,39.41618485,1.112163621,0.010521199
853496105,853416014.0,[846213087],436662,GCaMP6f,Slc17a7-IRES2-Cre/wt;Camk2a-tTA/wt;Ai93(TITL-GCaMP6f)/wt,"['Slc17a7-IRES2-Cre', 'Camk2a-tTA']",Slc17a7-IRES2-Cre,Ai93(TITL-GCaMP6f),M,147,,VisualBehavior,OPHYS_6_images_B,6,images_B,active_behavior,Novel >1,1,3,7,18-04-19 11:13,CAM2P.4,1.0,[853962969],1.0,24,32,219,138,707,-999,8,164,81,5,81,86,0.592,3.15155062,0.453528723,0.457180782,0.535166814,0.30633869,0.299900922,0.373371609,0.356635351,0.245867103,0.946432093,0.712443032,29.90420816,1.177183377,0.011521397
842729895,842583486.0,[843049827],440298,GCaMP6f,Slc17a7-IRES2-Cre/wt;Camk2a-tTA/wt;Ai93(TITL-GCaMP6f)/wt,"['Slc17a7-IRES2-Cre', 'Camk2a-tTA']",Slc17a7-IRES2-Cre,Ai93(TITL-GCaMP6f),M,108,,VisualBehavior,OPHYS_1_images_A,1,images_A,active_behavior,Familiar,0,12,0,28-03-19 10:17,CAM2P.3,1.0,[842973730],1.0,10,18,128,54,797,-999,8,69,74,5,74,79,0.543,3.022741596,0.605434637,0.608859294,0.642794241,0.577399127,0.624347484,0.632904595,0.057866299,-0.007461109,0.967421566,0.967421566,22.21390225,1.219033843,0.006798695
845441512,845219209.0,[843049827],440298,GCaMP6f,Slc17a7-IRES2-Cre/wt;Camk2a-tTA/wt;Ai93(TITL-GCaMP6f)/wt,"['Slc17a7-IRES2-Cre', 'Camk2a-tTA']",Slc17a7-IRES2-Cre,Ai93(TITL-GCaMP6f),M,114,,VisualBehavior,OPHYS_4_images_B,4,images_B,active_behavior,Novel 1,0,0,4,03-04-19 12:15,CAM2P.3,1.0,[848694639],1.0,29,32,222,81,645,-999,3,502,141,5,141,146,1.012,4.087570444,0.738911511,0.736943007,0.803477288,0.150314807,0.17893602,0.159997474,1.85772233,2.039878761,3.066842132,3.066842132,24.79611002,1.378141659,0.002979229
846929750,846599329.0,[843049827],440298,GCaMP6f,Slc17a7-IRES2-Cre/wt;Camk2a-tTA/wt;Ai93(TITL-GCaMP6f)/wt,"['Slc17a7-IRES2-Cre', 'Camk2a-tTA']",Slc17a7-IRES2-Cre,Ai93(TITL-GCaMP6f),M,116,,VisualBehavior,OPHYS_6_images_B,6,images_B,active_behavior,Novel >1,0,2,6,05-04-19 13:07,CAM2P.3,1.0,[847125577],1.0,28,31,237,87,556,-999,3,465,150,5,150,155,1.075,4.377377106,0.758819354,0.765165552,0.808900206,0.16340141,0.185684921,0.201694031,1.833696896,1.79022437,2.523086039,2.523086039,29.30811692,1.299243812,0.004245348
842812730,842752650.0,[876693136],442709,GCaMP6s,Slc17a7-IRES2-Cre/wt;Camk2a-tTA/wt;Ai94(TITL-GCaMP6s)/wt,"['Slc17a7-IRES2-Cre', 'Camk2a-tTA']",Slc17a7-IRES2-Cre,Ai94(TITL-GCaMP6s),F,97,,VisualBehavior,OPHYS_1_images_A,1,images_A,active_behavior,Familiar,1,12,1,28-03-19 12:22,CAM2P.4,1.0,[842975542],1.0,22,26,187,62,713,-999,4,454,125,5,125,130,0.9,4.030323257,0.636826449,0.634479031,0.653593579,0.143829884,0.113821674,0.141519163,1.47486963,1.529974311,1.949908689,1.949908689,20.70787377,1.432666185,0.005686358
844027599,843871375.0,[876693136],442709,GCaMP6s,Slc17a7-IRES2-Cre/wt;Camk2a-tTA/wt;Ai94(TITL-GCaMP6s)/wt,"['Slc17a7-IRES2-Cre', 'Camk2a-tTA']",Slc17a7-IRES2-Cre,Ai94(TITL-GCaMP6s),F,101,,VisualBehavior,OPHYS_3_images_A,3,images_A,active_behavior,Familiar,0,14,3,01-04-19 11:00,CAM2P.4,1.0,[844395446],1.0,11,20,125,35,959,-999,9,300,90,5,90,95,0.655,3.425775561,0.679297368,0.685619207,0.692264375,0.44205758,0.423941638,0.442992462,0.610189346,0.634505353,1.067570524,1.067570524,6.037953943,1.079575263,0.008652122
844649493,844465368.0,[876693136],442709,GCaMP6s,Slc17a7-IRES2-Cre/wt;Camk2a-tTA/wt;Ai94(TITL-GCaMP6s)/wt,"['Slc17a7-IRES2-Cre', 'Camk2a-tTA']",Slc17a7-IRES2-Cre,Ai94(TITL-GCaMP6s),F,102,,VisualBehavior,OPHYS_4_images_B,4,images_B,active_behavior,Novel 1,0,0,4,02-04-19 11:12,CAM2P.4,1.0,[845037476],1.0,14,22,163,22,837,-999,8,709,141,5,141,146,1.012,4.044316029,0.866089503,0.873071485,0.86610592,0.370097874,0.337310989,0.36891641,1.480167706,1.485665989,2.288210873,2.288210873,0.938504794,1.156143282,0.019519163
846011320,845840207.0,[876693136],442709,GCaMP6s,Slc17a7-IRES2-Cre/wt;Camk2a-tTA/wt;Ai94(TITL-GCaMP6s)/wt,"['Slc17a7-IRES2-Cre', 'Camk2a-tTA']",Slc17a7-IRES2-Cre,Ai94(TITL-GCaMP6s),F,104,,VisualBehavior,OPHYS_6_images_B,6,images_B,active_behavior,Novel >1,0,1,5,04-04-19 10:56,CAM2P.4,1.0,[846487947],1.0,28,33,230,78,670,-999,5,537,152,5,152,157,1.089,4.473958653,0.771010396,0.769109255,0.831536594,0.207336084,0.157074646,0.251838723,1.703602971,1.717446847,2.456891608,2.456891608,1.870419713,1.381680292,0.014547306
848613406,848264483.0,[846215539],445002,GCaMP6f,Slc17a7-IRES2-Cre/wt;Camk2a-tTA/wt;Ai93(TITL-GCaMP6f)/wt,"['Slc17a7-IRES2-Cre', 'Camk2a-tTA']",Slc17a7-IRES2-Cre,Ai93(TITL-GCaMP6f),M,97,,VisualBehavior,OPHYS_1_images_A,1,images_A,active_behavior,Familiar,0,11,0,09-04-19 15:26,CAM2P.3,1.0,[848697625],1.0,29,35,228,84,632,-999,6,534,144,5,144,149,1.033,4.395036502,0.776767304,0.782166098,0.86562128,0.245218217,0.273735327,0.289052614,1.575536838,1.69198309,2.174835616,2.174835616,24.32786317,1.377496772,0.002327452
849651275,849597937.0,[846215539],445002,GCaMP6f,Slc17a7-IRES2-Cre/wt;Camk2a-tTA/wt;Ai93(TITL-GCaMP6f)/wt,"['Slc17a7-IRES2-Cre', 'Camk2a-tTA']",Slc17a7-IRES2-Cre,Ai93(TITL-GCaMP6f),M,99,,VisualBehavior,OPHYS_3_images_A,3,images_A,active_behavior,Familiar,0,13,2,11-04-19 14:31,CAM2P.3,1.0,[850479305],1.0,26,28,200,83,699,-999,2,426,117,5,117,122,0.844,3.839659764,0.730586205,0.738375668,0.825948852,0.145728291,0.131374433,0.166236837,1.941749831,2.187775816,2.735961718,2.735961718,28.42783677,1.330051488,0.003126492
850989832,850959102.0,[846215539],445002,GCaMP6f,Slc17a7-IRES2-Cre/wt;Camk2a-tTA/wt;Ai93(TITL-GCaMP6f)/wt,"['Slc17a7-IRES2-Cre', 'Camk2a-tTA']",Slc17a7-IRES2-Cre,Ai93(TITL-GCaMP6f),M,100,,VisualBehavior,OPHYS_4_images_B,4,images_B,active_behavior,Novel 1,0,0,3,12-04-19 15:30,CAM2P.3,1.0,[851060467],1.0,27,34,231,77,664,-999,7,550,154,5,154,159,1.103,4.856793235,0.814580451,0.818668501,0.898521539,0.279477869,0.282510842,0.359021491,1.71510991,1.687139475,2.601574612,2.601574612,24.56137771,1.314790791,0.004345695
852451567,852326785.0,[846215539],445002,GCaMP6f,Slc17a7-IRES2-Cre/wt;Camk2a-tTA/wt;Ai93(TITL-GCaMP6f)/wt,"['Slc17a7-IRES2-Cre', 'Camk2a-tTA']",Slc17a7-IRES2-Cre,Ai93(TITL-GCaMP6f),M,104,,VisualBehavior,OPHYS_6_images_B,6,images_B,active_behavior,Novel >1,0,2,5,16-04-19 14:24,CAM2P.3,1.0,[852691524],1.0,23,30,201,40,731,-999,7,649,161,5,161,166,1.152,4.850924755,0.812951129,0.817480115,0.813556538,0.234643831,0.217327814,0.235484034,1.685695567,1.686448061,2.249519359,2.249519359,30.2177463,1.335030418,0.004295458
848348215,848143026.0,[845588020],445270,GCaMP6f,Slc17a7-IRES2-Cre/wt;Camk2a-tTA/wt;Ai93(TITL-GCaMP6f)/wt,"['Slc17a7-IRES2-Cre', 'Camk2a-tTA']",Slc17a7-IRES2-Cre,Ai93(TITL-GCaMP6f),M,96,,VisualBehavior,OPHYS_1_images_A,1,images_A,active_behavior,Familiar,0,11,0,09-04-19 11:51,CAM2P.3,1.0,[848697604],1.0,31,38,248,156,596,-999,7,261,92,5,92,97,0.669,3.401477756,0.323789091,0.327868345,0.432809193,0.16905526,0.172479946,0.228173375,0.563229455,0.662607236,1.094184772,1.094184772,20.17789039,1.660950556,0.00606052
856467236,856295914.0,[845588020],445270,GCaMP6f,Slc17a7-IRES2-Cre/wt;Camk2a-tTA/wt;Ai93(TITL-GCaMP6f)/wt,"['Slc17a7-IRES2-Cre', 'Camk2a-tTA']",Slc17a7-IRES2-Cre,Ai93(TITL-GCaMP6f),M,111,,VisualBehavior,OPHYS_3_images_A,3,images_A,active_behavior,Familiar,1,15,9,24-04-19 12:09,CAM2P.3,1.0,[856938751],1.0,13,23,161,84,680,-999,10,152,77,5,77,82,0.564,3.206550402,0.557861225,0.560578616,0.574909875,0.522960404,0.531340292,0.536095238,0.091327335,0.127944809,0.764709674,0.764709674,27.4422489,1.218175085,0.005923204
864068649,863981645.0,[845588020],445270,GCaMP6f,Slc17a7-IRES2-Cre/wt;Camk2a-tTA/wt;Ai93(TITL-GCaMP6f)/wt,"['Slc17a7-IRES2-Cre', 'Camk2a-tTA']",Slc17a7-IRES2-Cre,Ai93(TITL-GCaMP6f),M,124,,VisualBehavior,OPHYS_3_images_A,3,images_A,active_behavior,Familiar,4,18,16,07-05-19 13:07,CAM2P.3,1.0,[864370674],1.0,47,47,331,279,471,-999,0,115,52,5,52,57,0.389,4.493372807,0.251034285,0.254313694,0.476881545,0.067727264,0.0,0.150864568,0.637203114,1.121991698,2.100566622,2.100566622,19.93543749,1.132391558,0.004674286
857367017,857232455.0,[845588020],445270,GCaMP6f,Slc17a7-IRES2-Cre/wt;Camk2a-tTA/wt;Ai93(TITL-GCaMP6f)/wt,"['Slc17a7-IRES2-Cre', 'Camk2a-tTA']",Slc17a7-IRES2-Cre,Ai93(TITL-GCaMP6f),M,112,,VisualBehavior,OPHYS_4_images_B,4,images_B,active_behavior,Novel >1,1,5,10,25-04-19 12:39,CAM2P.3,1.0,[857660011],1.0,25,33,237,169,549,-999,8,186,68,5,68,73,0.501,3.303091694,0.415533024,0.419236728,0.732924037,0.349479641,0.350840764,0.627353023,0.193869805,0.329874825,0.904450437,0.904450437,26.23598705,1.149278313,0.005930871
860533862,860331718.0,[845588020],445270,GCaMP6f,Slc17a7-IRES2-Cre/wt;Camk2a-tTA/wt;Ai93(TITL-GCaMP6f)/wt,"['Slc17a7-IRES2-Cre', 'Camk2a-tTA']",Slc17a7-IRES2-Cre,Ai93(TITL-GCaMP6f),M,118,,VisualBehavior,OPHYS_4_images_B,4,images_B,active_behavior,Novel >1,3,7,14,01-05-19 12:25,CAM2P.3,1.0,[862848066],1.0,46,48,339,321,434,-999,2,11,18,5,18,23,0.151,2.505076766,0.113690839,0.113889273,0.756979132,0.081530591,0.037957713,0.431818182,-0.195869392,0.979037143,1.439199424,1.439199424,14.25559777,1.077557887,0.006691789
855866701,855762043.0,[845588020],445270,GCaMP6f,Slc17a7-IRES2-Cre/wt;Camk2a-tTA/wt;Ai93(TITL-GCaMP6f)/wt,"['Slc17a7-IRES2-Cre', 'Camk2a-tTA']",Slc17a7-IRES2-Cre,Ai93(TITL-GCaMP6f),M,110,,VisualBehavior,OPHYS_6_images_B,6,images_B,active_behavior,Novel >1,1,4,8,23-04-19 12:20,CAM2P.3,1.0,[856096766],1.0,28,32,214,152,635,-999,4,77,62,5,62,67,0.459,3.054834923,0.189169894,0.178279869,0.263971112,0.11223852,0.059847016,0.08752943,0.122470898,0.617044753,1.36263748,1.36263748,20.79137418,1.238804282,0.00681018
857340041,857202651.0,[848390542],447663,GCaMP6f,Slc17a7-IRES2-Cre/wt;Camk2a-tTA/wt;Ai93(TITL-GCaMP6f)/wt,"['Slc17a7-IRES2-Cre', 'Camk2a-tTA']",Slc17a7-IRES2-Cre,Ai93(TITL-GCaMP6f),F,103,,VisualBehavior,OPHYS_1_images_A,1,images_A,active_behavior,Familiar,1,15,7,25-04-19 12:18,CAM2P.4,1.0,[857658471],1.0,26,36,244,175,586,-999,10,247,69,5,69,74,0.508,3.405736054,0.405531519,0.407175644,0.700424587,0.356779757,0.362093037,0.551495106,-0.000606845,0.428329807,0.69852571,0.69852571,18.87799032,1.052524895,0.008263767
858974731,858863712.0,[848390542],447663,GCaMP6f,Slc17a7-IRES2-Cre/wt;Camk2a-tTA/wt;Ai93(TITL-GCaMP6f)/wt,"['Slc17a7-IRES2-Cre', 'Camk2a-tTA']",Slc17a7-IRES2-Cre,Ai93(TITL-GCaMP6f),F,107,,VisualBehavior,OPHYS_1_images_A,1,images_A,active_behavior,Familiar,2,17,9,29-04-19 12:22,CAM2P.4,1.0,[859147033],1.0,14,24,165,71,691,-999,10,239,94,5,94,99,0.683,2.812585696,0.527443226,0.521931762,0.520525181,0.48629867,0.464076448,0.471511914,0.141057624,0.135713236,0.801277693,0.610739669,25.57047361,1.457733491,0.007678523
852966248,852794147.0,[848390542],447663,GCaMP6f,Slc17a7-IRES2-Cre/wt;Camk2a-tTA/wt;Ai93(TITL-GCaMP6f)/wt,"['Slc17a7-IRES2-Cre', 'Camk2a-tTA']",Slc17a7-IRES2-Cre,Ai93(TITL-GCaMP6f),F,95,,VisualBehavior,OPHYS_3_images_A,3,images_A,active_behavior,Familiar,0,14,2,17-04-19 11:15,CAM2P.4,1.0,[853328115],1.0,27,36,254,120,642,-999,9,464,134,5,134,139,0.963,4.758016782,0.541723591,0.537398331,0.547410624,0.250540169,0.247091893,0.267094522,0.843995767,0.772470434,1.67347813,1.455616633,13.27849063,1.372533065,0.006506188
853875514,853773937.0,[848390542],447663,GCaMP6f,Slc17a7-IRES2-Cre/wt;Camk2a-tTA/wt;Ai93(TITL-GCaMP6f)/wt,"['Slc17a7-IRES2-Cre', 'Camk2a-tTA']",Slc17a7-IRES2-Cre,Ai93(TITL-GCaMP6f),F,96,,VisualBehavior,OPHYS_4_images_B,4,images_B,active_behavior,Novel 1,0,0,3,18-04-19 15:59,CAM2P.4,1.0,[853962951],1.0,40,41,286,148,535,-999,1,325,138,5,138,143,0.991,5.046796694,0.611270235,0.614328339,0.851437199,0.071401863,0.026698891,0.069128064,1.784907669,2.63429271,3.082642281,3.082642281,19.67003234,1.190217559,0.005781372
855424348,855333357.0,[848390542],447663,GCaMP6f,Slc17a7-IRES2-Cre/wt;Camk2a-tTA/wt;Ai93(TITL-GCaMP6f)/wt,"['Slc17a7-IRES2-Cre', 'Camk2a-tTA']",Slc17a7-IRES2-Cre,Ai93(TITL-GCaMP6f),F,100,,VisualBehavior,OPHYS_6_images_B,6,images_B,active_behavior,Novel >1,0,2,5,22-04-19 14:31,CAM2P.4,1.0,[855577488],1.0,37,40,289,236,520,-999,3,154,53,5,53,58,0.396,4.291798869,0.320631278,0.322013646,0.913170368,0.108342938,0.079626173,0.174195624,0.23061614,2.553901482,3.051385321,3.051385321,16.70031949,1.02253496,0.009151338
872621004,872551243.0,[863992815],448900,GCaMP6s,Slc17a7-IRES2-Cre/wt;Camk2a-tTA/wt;Ai94(TITL-GCaMP6s)/wt,"['Slc17a7-IRES2-Cre', 'Camk2a-tTA']",Slc17a7-IRES2-Cre,Ai94(TITL-GCaMP6s),M,127,,VisualBehavior,OPHYS_1_images_A,1,images_A,active_behavior,Familiar,1,20,7,21-05-19 11:10,CAM2P.4,1.0,[873154932],1.0,39,42,292,259,520,-999,3,63,33,5,33,38,0.256,2.415610731,0.189887293,0.187832125,0.551654076,0.136345389,0.118909779,0.406666667,-0.047312734,0.372979775,0.592106342,0.592106342,20.06590762,1.299589014,0.013426402
873846349,873653940.0,[863992815],448900,GCaMP6s,Slc17a7-IRES2-Cre/wt;Camk2a-tTA/wt;Ai94(TITL-GCaMP6s)/wt,"['Slc17a7-IRES2-Cre', 'Camk2a-tTA']",Slc17a7-IRES2-Cre,Ai94(TITL-GCaMP6s),M,128,,VisualBehavior,OPHYS_1_images_A,1,images_A,active_behavior,Familiar,2,21,8,22-05-19 17:11,CAM2P.4,1.0,[873968820],1.0,30,32,247,192,607,-999,2,89,55,5,55,60,0.41,2.974315116,0.293396472,0.288916185,0.734997105,0.118539105,0.088498851,0.205050505,0.586755262,1.463086475,1.78043555,1.78043555,19.32386877,1.124791673,0.009520108
876660021,876522267.0,[863992815],448900,GCaMP6s,Slc17a7-IRES2-Cre/wt;Camk2a-tTA/wt;Ai94(TITL-GCaMP6s)/wt,"['Slc17a7-IRES2-Cre', 'Camk2a-tTA']",Slc17a7-IRES2-Cre,Ai94(TITL-GCaMP6s),M,134,,VisualBehavior,OPHYS_3_images_A,3,images_A,active_behavior,Familiar,1,24,11,28-05-19 13:05,CAM2P.4,1.0,[877018118],1.0,41,41,283,271,577,-999,0,0,12,5,12,17,0.109,1.822483748,0.045418598,0.037420354,,0.06668115,0.0,,-0.201306984,,0.518097106,,26.22803177,1.141773229,0.011635052
877605088,877497698.0,[863992815],448900,GCaMP6s,Slc17a7-IRES2-Cre/wt;Camk2a-tTA/wt;Ai94(TITL-GCaMP6s)/wt,"['Slc17a7-IRES2-Cre', 'Camk2a-tTA']",Slc17a7-IRES2-Cre,Ai94(TITL-GCaMP6s),M,135,,VisualBehavior,OPHYS_6_images_B,6,images_B,active_behavior,Novel >1,1,3,12,29-05-19 14:54,CAM2P.4,1.0,[877691075],1.0,44,46,326,321,488,-999,2,0,5,5,5,10,0.06,1.51391538,0.032466713,0.02825762,,0.105385803,0.071072812,,-0.635421559,,0.0,,30.23077039,1.241838323,0.014454205
878075965,877907546.0,[863992815],448900,GCaMP6s,Slc17a7-IRES2-Cre/wt;Camk2a-tTA/wt;Ai94(TITL-GCaMP6s)/wt,"['Slc17a7-IRES2-Cre', 'Camk2a-tTA']",Slc17a7-IRES2-Cre,Ai94(TITL-GCaMP6s),M,136,,VisualBehavior,OPHYS_6_images_B,6,images_B,active_behavior,Novel >1,2,4,13,30-05-19 12:48,CAM2P.4,1.0,[878358326],1.0,42,43,300,285,567,-999,1,0,15,5,15,20,0.13,1.16184213,0.069599959,0.06741337,,0.074280801,0.025238585,,-0.039368744,,0.421142647,,22.48025828,1.297337763,0.012721234
878703444,878436988.0,[876693090],449441,GCaMP6s,Slc17a7-IRES2-Cre/wt;Camk2a-tTA/wt;Ai94(TITL-GCaMP6s)/wt,"['Slc17a7-IRES2-Cre', 'Camk2a-tTA']",Slc17a7-IRES2-Cre,Ai94(TITL-GCaMP6s),M,131,,VisualBehavior,OPHYS_1_images_A,1,images_A,active_behavior,Familiar,2,31,4,31-05-19 11:36,CAM2P.3,1.0,[879332693],1.0,31,39,265,178,575,-999,8,267,87,5,87,92,0.634,3.520445349,0.378081118,0.375614013,0.465167825,0.263713803,0.250539896,0.329319785,0.362438628,0.380391943,0.760114092,0.760114092,33.14110166,1.333154229,0.007204775
879846624,879719132.0,[876693090],449441,GCaMP6s,Slc17a7-IRES2-Cre/wt;Camk2a-tTA/wt;Ai94(TITL-GCaMP6s)/wt,"['Slc17a7-IRES2-Cre', 'Camk2a-tTA']",Slc17a7-IRES2-Cre,Ai94(TITL-GCaMP6s),M,134,,VisualBehavior,OPHYS_4_images_B,4,images_B,active_behavior,Novel 1,0,0,5,03-06-19 10:45,CAM2P.3,1.0,[880375092],1.0,34,37,254,187,622,-999,3,87,67,5,67,72,0.494,3.104261271,0.295111342,0.298272261,0.349581928,0.113202195,0.071594089,0.143870863,0.72842507,0.824629333,1.414281427,1.3489795,33.46494029,1.490932412,0.012837506
881210695,881071629.0,[876693090],449441,GCaMP6s,Slc17a7-IRES2-Cre/wt;Camk2a-tTA/wt;Ai94(TITL-GCaMP6s)/wt,"['Slc17a7-IRES2-Cre', 'Camk2a-tTA']",Slc17a7-IRES2-Cre,Ai94(TITL-GCaMP6s),M,136,,VisualBehavior,OPHYS_6_images_B,6,images_B,active_behavior,Novel >1,0,2,7,05-06-19 10:54,CAM2P.3,1.0,[881881171],1.0,32,38,269,197,640,-999,6,137,72,5,72,77,0.529,3.240597281,0.253289023,0.254917687,0.274229602,0.18082945,0.158264896,0.177418373,0.284915578,0.352997103,0.67229827,0.67229827,32.63500317,1.874813167,0.009108672
882669474,882620042.0,[876693090],449441,GCaMP6s,Slc17a7-IRES2-Cre/wt;Camk2a-tTA/wt;Ai94(TITL-GCaMP6s)/wt,"['Slc17a7-IRES2-Cre', 'Camk2a-tTA']",Slc17a7-IRES2-Cre,Ai94(TITL-GCaMP6s),M,138,,VisualBehavior,OPHYS_6_images_B,6,images_B,active_behavior,Novel >1,1,3,8,07-06-19 10:49,CAM2P.3,1.0,[882935355],1.0,31,35,256,169,640,-999,4,266,87,5,87,92,0.634,4.338836666,0.347093812,0.350530238,0.421740179,0.144944165,0.117331835,0.166373876,0.608207649,0.749061521,1.875879435,1.875879435,27.84056377,1.505789011,0.008496456
870592115,870377774.0,[869781307],450471,GCaMP6f,Slc17a7-IRES2-Cre/wt;Camk2a-tTA/wt;Ai93(TITL-GCaMP6f)/wt,"['Slc17a7-IRES2-Cre', 'Camk2a-tTA']",Slc17a7-IRES2-Cre,Ai93(TITL-GCaMP6f),F,112,,VisualBehavior,OPHYS_1_images_A,1,images_A,active_behavior,Familiar,1,20,1,17-05-19 11:24,CAM2P.3,1.0,[871155338],1.0,23,34,233,168,660,-999,11,100,65,5,65,70,0.48,3.305571872,0.243554012,0.248859879,0.333784114,0.301549234,0.325985324,0.309347622,-0.119080297,0.091002509,0.967421566,0.967421566,24.8505673,1.150569449,0.007955126
871808394,871606557.0,[869781307],450471,GCaMP6f,Slc17a7-IRES2-Cre/wt;Camk2a-tTA/wt;Ai93(TITL-GCaMP6f)/wt,"['Slc17a7-IRES2-Cre', 'Camk2a-tTA']",Slc17a7-IRES2-Cre,Ai93(TITL-GCaMP6f),F,115,,VisualBehavior,OPHYS_1_images_A,1,images_A,active_behavior,Familiar,2,21,2,20-05-19 11:47,CAM2P.3,1.0,[872433717],1.0,13,24,165,74,728,-999,11,199,91,5,91,96,0.662,3.395920142,0.557070205,0.564472687,0.562974548,0.512354459,0.53351848,0.52734176,0.123594985,0.105121055,0.967421566,0.967421566,29.07781766,1.093956948,0.004858633
872626160,872551435.0,[869781307],450471,GCaMP6f,Slc17a7-IRES2-Cre/wt;Camk2a-tTA/wt;Ai93(TITL-GCaMP6f)/wt,"['Slc17a7-IRES2-Cre', 'Camk2a-tTA']",Slc17a7-IRES2-Cre,Ai93(TITL-GCaMP6f),F,116,,VisualBehavior,OPHYS_1_images_A,1,images_A,active_behavior,Familiar,3,22,3,21-05-19 11:23,CAM2P.3,1.0,[873156540],1.0,16,24,176,87,639,-999,8,151,89,5,89,94,0.648,2.928012185,0.484217366,0.4906757,0.539587995,0.388386221,0.335355918,0.313903276,0.255573246,0.598215781,1.15034938,1.15034938,29.30103342,1.25808105,0.004700268
873695653,873542787.0,[869781307],450471,GCaMP6f,Slc17a7-IRES2-Cre/wt;Camk2a-tTA/wt;Ai93(TITL-GCaMP6f)/wt,"['Slc17a7-IRES2-Cre', 'Camk2a-tTA']",Slc17a7-IRES2-Cre,Ai93(TITL-GCaMP6f),F,117,,VisualBehavior,OPHYS_1_images_A,1,images_A,active_behavior,Familiar,4,23,4,22-05-19 13:27,CAM2P.3,1.0,[873972085],1.0,18,26,189,39,619,-999,8,523,150,5,150,155,1.075,4.09421823,0.901944673,0.910627199,0.922976827,0.382757136,0.412460106,0.389367544,1.665658067,1.75363501,2.422061855,2.422061855,27.26604161,1.317239818,0.005058676
878120101,877946125.0,[869781307],450471,GCaMP6f,Slc17a7-IRES2-Cre/wt;Camk2a-tTA/wt;Ai93(TITL-GCaMP6f)/wt,"['Slc17a7-IRES2-Cre', 'Camk2a-tTA']",Slc17a7-IRES2-Cre,Ai93(TITL-GCaMP6f),F,125,,VisualBehavior,OPHYS_3_images_A,3,images_A,active_behavior,Familiar,2,28,9,30-05-19 13:07,CAM2P.3,1.0,[878363088],1.0,18,25,175,47,673,-999,7,506,128,5,128,133,0.921,3.870931155,0.77691446,0.784959103,0.778692277,0.446507561,0.473022712,0.443893745,0.925005136,0.924270214,1.920950036,1.68555061,30.2189652,1.401761288,0.004953306
879037269,878918807.0,[869781307],450471,GCaMP6f,Slc17a7-IRES2-Cre/wt;Camk2a-tTA/wt;Ai93(TITL-GCaMP6f)/wt,"['Slc17a7-IRES2-Cre', 'Camk2a-tTA']",Slc17a7-IRES2-Cre,Ai93(TITL-GCaMP6f),F,126,,VisualBehavior,OPHYS_4_images_B,4,images_B,active_behavior,Novel 1,0,0,10,31-05-19 14:56,CAM2P.3,1.0,[879331157],1.0,30,31,221,75,660,-999,1,491,146,5,146,151,1.047,4.463361131,0.701253932,0.705784356,0.695320551,0.070064423,0.010007245,0.060746862,2.079400407,2.119055461,2.640122265,2.640122265,30.49675635,1.480821715,0.006377138
880784794,880753403.0,[869781307],450471,GCaMP6f,Slc17a7-IRES2-Cre/wt;Camk2a-tTA/wt;Ai93(TITL-GCaMP6f)/wt,"['Slc17a7-IRES2-Cre', 'Camk2a-tTA']",Slc17a7-IRES2-Cre,Ai93(TITL-GCaMP6f),F,130,,VisualBehavior,OPHYS_6_images_B,6,images_B,active_behavior,Novel >1,0,2,12,04-06-19 15:27,CAM2P.3,1.0,[880961028],1.0,25,29,201,76,684,-999,4,347,125,5,125,130,0.9,4.260480503,0.592656047,0.590472641,0.601970097,0.146585709,0.149165183,0.14973053,1.389807513,1.415529262,1.942623985,1.942623985,32.095652,1.495809816,0.005425506
888301437,888190799.0,[876461613],453913,GCaMP6f,Slc17a7-IRES2-Cre/wt;Camk2a-tTA/wt;Ai93(TITL-GCaMP6f)/wt,"['Slc17a7-IRES2-Cre', 'Camk2a-tTA']",Slc17a7-IRES2-Cre,Ai93(TITL-GCaMP6f),F,129,,VisualBehavior,OPHYS_1_images_A,1,images_A,active_behavior,Familiar,6,25,8,17-06-19 15:18,CAM2P.4,1.0,[888666698],1.0,7,19,130,14,756,-999,12,537,116,5,116,121,0.837,3.406308574,0.8315328,0.828177095,0.825219327,0.578965689,0.549655345,0.585655799,0.820536074,0.785142707,1.759814658,1.759814658,41.52440124,1.303332447,0.005413148
884888379,884359468.0,[876461613],453913,GCaMP6f,Slc17a7-IRES2-Cre/wt;Camk2a-tTA/wt;Ai93(TITL-GCaMP6f)/wt,"['Slc17a7-IRES2-Cre', 'Camk2a-tTA']",Slc17a7-IRES2-Cre,Ai93(TITL-GCaMP6f),F,123,,VisualBehavior,OPHYS_3_images_A,3,images_A,active_behavior,Familiar,0,21,4,11-06-19 15:36,CAM2P.4,1.0,[885067844],1.0,17,26,180,45,728,-999,9,555,135,5,135,140,0.97,3.8989565,0.859756107,0.857328923,0.886470016,0.442257995,0.473823651,0.463924336,1.309225665,1.357791854,1.831220151,1.831220151,33.28268619,1.171849294,0.005254901
889559462,889179793.0,[876461613],453913,GCaMP6f,Slc17a7-IRES2-Cre/wt;Camk2a-tTA/wt;Ai93(TITL-GCaMP6f)/wt,"['Slc17a7-IRES2-Cre', 'Camk2a-tTA']",Slc17a7-IRES2-Cre,Ai93(TITL-GCaMP6f),F,130,,VisualBehavior,OPHYS_4_images_B,4,images_B,active_behavior,Novel 1,0,0,9,18-06-19 16:09,CAM2P.4,1.0,[889775742],1.0,14,23,163,6,684,-999,9,633,157,5,157,162,1.124,4.222613149,0.958581998,0.968103311,0.961138069,0.398038968,0.351892015,0.399089768,2.068376599,2.075210864,3.029338067,3.029338067,38.68052897,1.247662339,0.007440165
883696092,883509540.0,[902748564],456564,GCaMP6s,Slc17a7-IRES2-Cre/wt;Camk2a-tTA/wt;Ai94(TITL-GCaMP6s)/wt,"['Slc17a7-IRES2-Cre', 'Camk2a-tTA']",Slc17a7-IRES2-Cre,Ai94(TITL-GCaMP6s),F,110,,VisualBehavior,OPHYS_1_images_A,1,images_A,active_behavior,Familiar,0,19,0,10-06-19 12:33,CAM2P.4,1.0,[884221469],1.0,39,43,304,269,527,-999,4,0,35,5,35,40,0.27,1.658396703,0.110489479,0.106753374,,0.102222486,0.061793402,,0.079789274,,0.819690174,,18.78031907,1.082556164,0.009000735
885546697,885401643.0,[902748564],456564,GCaMP6s,Slc17a7-IRES2-Cre/wt;Camk2a-tTA/wt;Ai94(TITL-GCaMP6s)/wt,"['Slc17a7-IRES2-Cre', 'Camk2a-tTA']",Slc17a7-IRES2-Cre,Ai94(TITL-GCaMP6s),F,112,,VisualBehavior,OPHYS_3_images_A,3,images_A,active_behavior,Familiar,0,21,2,12-06-19 13:15,CAM2P.4,1.0,[885933191],1.0,32,36,252,160,658,-999,4,346,92,5,92,97,0.669,3.746935579,0.483851479,0.48558759,0.714677988,0.165368154,0.136864549,0.236568671,0.833026788,1.332107698,1.641911316,1.641911316,6.778450859,1.767148523,0.007763295
893429557,893346385.0,[902748564],456564,GCaMP6s,Slc17a7-IRES2-Cre/wt;Camk2a-tTA/wt;Ai94(TITL-GCaMP6s)/wt,"['Slc17a7-IRES2-Cre', 'Camk2a-tTA']",Slc17a7-IRES2-Cre,Ai94(TITL-GCaMP6s),F,124,,VisualBehavior,OPHYS_4_images_B,4,images_B,active_behavior,Novel >1,3,6,9,24-06-19 12:57,CAM2P.4,1.0,[893830436],1.0,45,45,317,313,556,-999,0,0,4,5,4,9,0.053,0.701181918,0.023356951,0.020592093,,0.066308525,0.0,,-0.483685788,,0.0,,2.511408196,1.190945958,0.013848206
895134854,895003340.0,[902748564],456564,GCaMP6s,Slc17a7-IRES2-Cre/wt;Camk2a-tTA/wt;Ai94(TITL-GCaMP6s)/wt,"['Slc17a7-IRES2-Cre', 'Camk2a-tTA']",Slc17a7-IRES2-Cre,Ai94(TITL-GCaMP6s),F,126,,VisualBehavior,OPHYS_4_images_B,4,images_B,active_behavior,Novel >1,4,7,11,26-06-19 13:08,CAM2P.4,1.0,[895422187],1.0,48,48,320,319,559,-999,0,0,1,5,1,6,0.032,0.270965162,0.012325206,0.000711911,,0.058305097,0.0,,-0.608966554,,0.0,,3.325791461,0.794511208,0.010983119
895804638,895588149.0,[902748564],456564,GCaMP6s,Slc17a7-IRES2-Cre/wt;Camk2a-tTA/wt;Ai94(TITL-GCaMP6s)/wt,"['Slc17a7-IRES2-Cre', 'Camk2a-tTA']",Slc17a7-IRES2-Cre,Ai94(TITL-GCaMP6s),F,127,,VisualBehavior,OPHYS_4_images_B,4,images_B,active_behavior,Novel >1,5,8,12,27-06-19 13:03,CAM2P.4,1.0,[896160394],1.0,38,38,269,248,720,-999,0,0,21,5,21,26,0.172,2.081639255,0.047810439,0.041423539,,0.061820378,0.0,,-0.29939091,,1.033687761,,2.814891416,1.309104067,0.012469181
889336784,889189329.0,[902748564],456564,GCaMP6s,Slc17a7-IRES2-Cre/wt;Camk2a-tTA/wt;Ai94(TITL-GCaMP6s)/wt,"['Slc17a7-IRES2-Cre', 'Camk2a-tTA']",Slc17a7-IRES2-Cre,Ai94(TITL-GCaMP6s),F,118,,VisualBehavior,OPHYS_6_images_B,6,images_B,active_behavior,Novel >1,0,2,5,18-06-19 13:08,CAM2P.4,1.0,[889777243],1.0,37,41,282,176,570,-999,4,288,106,5,106,111,0.767,4.880130606,0.515869691,0.520230066,0.87795961,0.14909864,0.119080721,0.18566878,1.034451461,2.196499118,3.038075827,3.038075827,14.90280052,1.706745656,0.018627152
889175194,888940531.0,[890047007],456916,GCaMP6f,Slc17a7-IRES2-Cre/wt;Camk2a-tTA/wt;Ai93(TITL-GCaMP6f)/wt,"['Slc17a7-IRES2-Cre', 'Camk2a-tTA']",Slc17a7-IRES2-Cre,Ai93(TITL-GCaMP6f),F,117,,VisualBehavior,OPHYS_1_images_A,1,images_A,active_behavior,Familiar,0,13,0,18-06-19 11:17,CAM2P.5,1.0,[889771676],1.0,27,31,219,104,783,-999,4,476,115,5,115,120,0.83,3.888725558,0.605017424,0.603017424,0.642742815,0.118772551,0.090807467,0.133833907,1.491948728,1.527793884,1.982957346,1.90770591,30.3766272,1.360640097,0.004305066
891446789,891193996.0,[890047007],456916,GCaMP6f,Slc17a7-IRES2-Cre/wt;Camk2a-tTA/wt;Ai93(TITL-GCaMP6f)/wt,"['Slc17a7-IRES2-Cre', 'Camk2a-tTA']",Slc17a7-IRES2-Cre,Ai93(TITL-GCaMP6f),F,119,,VisualBehavior,OPHYS_3_images_A,3,images_A,active_behavior,Familiar,0,15,2,20-06-19 10:55,CAM2P.5,1.0,[891994418],1.0,22,28,192,78,861,-999,6,521,114,5,114,119,0.823,3.761643855,0.718914577,0.725732759,0.786142442,0.203122651,0.173442286,0.180129552,1.471096794,1.747710485,2.248973132,2.248973132,36.28250149,1.545282654,0.004419899
892387261,892217026.0,[890047007],456916,GCaMP6f,Slc17a7-IRES2-Cre/wt;Camk2a-tTA/wt;Ai93(TITL-GCaMP6f)/wt,"['Slc17a7-IRES2-Cre', 'Camk2a-tTA']",Slc17a7-IRES2-Cre,Ai93(TITL-GCaMP6f),F,120,,VisualBehavior,OPHYS_4_images_B,4,images_B,active_behavior,Novel 1,0,0,3,21-06-19 11:03,CAM2P.5,1.0,[892799212],1.0,22,28,204,71,839,-999,6,665,133,5,133,138,0.956,4.034570045,0.77885192,0.786410232,0.852087427,0.304390493,0.346057159,0.36592596,1.478362684,1.536147322,2.464978316,2.464978316,32.60856181,1.449581964,0.006199416
894083470,893937838.0,[890047007],456916,GCaMP6f,Slc17a7-IRES2-Cre/wt;Camk2a-tTA/wt;Ai93(TITL-GCaMP6f)/wt,"['Slc17a7-IRES2-Cre', 'Camk2a-tTA']",Slc17a7-IRES2-Cre,Ai93(TITL-GCaMP6f),F,124,,VisualBehavior,OPHYS_6_images_B,6,images_B,active_behavior,Novel >1,0,2,5,25-06-19 11:00,CAM2P.5,1.0,[894727297],1.0,19,23,182,74,991,-999,4,542,108,5,108,113,0.781,4.360085299,0.767036852,0.774173902,0.880060564,0.223557438,0.169101993,0.237364036,1.634258243,1.96469311,2.47707123,2.47707123,35.74483623,1.391302788,0.004784675
889388078,889235128.0,[902748650],456917,GCaMP6f,Slc17a7-IRES2-Cre/wt;Camk2a-tTA/wt;Ai93(TITL-GCaMP6f)/wt,"['Slc17a7-IRES2-Cre', 'Camk2a-tTA']",Slc17a7-IRES2-Cre,Ai93(TITL-GCaMP6f),F,117,,VisualBehavior,OPHYS_1_images_A,1,images_A,active_behavior,Familiar,0,18,0,18-06-19 13:33,CAM2P.3,1.0,[889772922],1.0,41,43,296,199,583,-999,2,329,97,5,97,102,0.704,4.030323031,0.406301584,0.40769135,0.481741708,0.096940974,0.087363291,0.106366593,1.092133953,1.353413425,1.861069826,1.861069826,13.44770663,1.1969224,0.00667588
891605682,891465652.0,[902748650],456917,GCaMP6f,Slc17a7-IRES2-Cre/wt;Camk2a-tTA/wt;Ai93(TITL-GCaMP6f)/wt,"['Slc17a7-IRES2-Cre', 'Camk2a-tTA']",Slc17a7-IRES2-Cre,Ai93(TITL-GCaMP6f),F,119,,VisualBehavior,OPHYS_3_images_A,3,images_A,active_behavior,Familiar,0,20,2,20-06-19 12:52,CAM2P.3,1.0,[891996193],1.0,48,48,332,300,464,-999,0,9,32,5,32,37,0.249,2.351021944,0.128074779,0.129104059,0.446264368,0.058441969,0.0,0.038461538,0.345191735,0.366839416,0.786994805,0.366839416,15.0933056,1.219376643,0.006927004
892526544,892423647.0,[902748650],456917,GCaMP6f,Slc17a7-IRES2-Cre/wt;Camk2a-tTA/wt;Ai93(TITL-GCaMP6f)/wt,"['Slc17a7-IRES2-Cre', 'Camk2a-tTA']",Slc17a7-IRES2-Cre,Ai93(TITL-GCaMP6f),F,120,,VisualBehavior,OPHYS_4_images_B,4,images_B,active_behavior,Novel 1,0,0,3,21-06-19 13:07,CAM2P.3,1.0,[892805315],1.0,42,45,311,243,529,-999,3,81,68,5,68,73,0.501,3.806416212,0.224152812,0.226727718,0.327596506,0.088454215,0.05416114,0.151714105,0.695302215,0.715093337,1.1464381,1.109842746,16.50231757,1.738188566,0.007028945
894368064,894204946.0,[902748650],456917,GCaMP6f,Slc17a7-IRES2-Cre/wt;Camk2a-tTA/wt;Ai93(TITL-GCaMP6f)/wt,"['Slc17a7-IRES2-Cre', 'Camk2a-tTA']",Slc17a7-IRES2-Cre,Ai93(TITL-GCaMP6f),F,124,,VisualBehavior,OPHYS_6_images_B,6,images_B,active_behavior,Novel >1,0,2,5,25-06-19 13:16,CAM2P.3,1.0,[894726001],1.0,39,41,289,183,526,-999,2,173,106,5,106,111,0.767,3.966984769,0.360086854,0.362864632,0.408728159,0.095769568,0.06399485,0.122384174,1.023813874,1.082026676,1.638806455,1.638806455,20.63948686,1.565658119,0.007649751
946065801,945889501.0,[939523510],457766,GCaMP6s,Slc17a7-IRES2-Cre/wt;Camk2a-tTA/wt;Ai94(TITL-GCaMP6s)/wt,"['Slc17a7-IRES2-Cre', 'Camk2a-tTA']",Slc17a7-IRES2-Cre,Ai94(TITL-GCaMP6s),M,199,,VisualBehavior,OPHYS_1_images_A,1,images_A,active_behavior,Familiar,2,60,2,13-09-19 14:24,CAM2P.3,1.0,[946476556],1.0,44,48,325,314,489,-999,4,79,11,5,11,16,0.102,3.606067931,0.091079345,0.090300623,0.741361416,0.183197456,0.16967798,0.666666667,-0.628062893,0.383783977,0.967421566,0.967421566,8.30977361,1.470664923,0.004869543
947329225,947174352.0,[939523510],457766,GCaMP6s,Slc17a7-IRES2-Cre/wt;Camk2a-tTA/wt;Ai94(TITL-GCaMP6s)/wt,"['Slc17a7-IRES2-Cre', 'Camk2a-tTA']",Slc17a7-IRES2-Cre,Ai94(TITL-GCaMP6s),M,202,,VisualBehavior,OPHYS_1_images_A,1,images_A,active_behavior,Familiar,3,61,3,16-09-19 14:16,CAM2P.3,1.0,[947724724],1.0,40,43,295,283,625,-999,3,56,12,5,12,17,0.109,2.651862706,0.104734342,0.101163608,0.566666667,0.150659683,0.143420964,0.75,-0.453240814,-0.150089237,0.67448975,-0.150089237,10.68967676,1.376932878,0.005138752
948268536,948188768.0,[939523510],457766,GCaMP6s,Slc17a7-IRES2-Cre/wt;Camk2a-tTA/wt;Ai94(TITL-GCaMP6s)/wt,"['Slc17a7-IRES2-Cre', 'Camk2a-tTA']",Slc17a7-IRES2-Cre,Ai94(TITL-GCaMP6s),M,203,,VisualBehavior,OPHYS_1_images_A,1,images_A,active_behavior,Familiar,4,62,4,17-09-19 14:11,CAM2P.3,1.0,[948514870],1.0,47,47,331,327,490,-999,0,7,4,5,4,9,0.053,2.664490548,0.020946591,0.012110467,,0.064796273,0.0,,-0.509710832,,0.159848728,,9.205284366,1.676524752,0.006409092
949404352,949356610.0,[939523510],457766,GCaMP6s,Slc17a7-IRES2-Cre/wt;Camk2a-tTA/wt;Ai94(TITL-GCaMP6s)/wt,"['Slc17a7-IRES2-Cre', 'Camk2a-tTA']",Slc17a7-IRES2-Cre,Ai94(TITL-GCaMP6s),M,204,,VisualBehavior,OPHYS_1_images_A,1,images_A,active_behavior,Familiar,5,63,5,18-09-19 15:06,CAM2P.3,1.0,[949637002],1.0,36,38,248,219,660,-999,2,71,29,5,29,34,0.228,2.893558114,0.161816261,0.161629623,0.30005447,0.110233454,0.063983826,0.181818182,0.048412765,0.382174201,0.729923594,0.512732573,7.676029867,1.308066511,0.004531095
951662735,951556788.0,[939523510],457766,GCaMP6s,Slc17a7-IRES2-Cre/wt;Camk2a-tTA/wt;Ai94(TITL-GCaMP6s)/wt,"['Slc17a7-IRES2-Cre', 'Camk2a-tTA']",Slc17a7-IRES2-Cre,Ai94(TITL-GCaMP6s),M,206,,VisualBehavior,OPHYS_3_images_A,3,images_A,active_behavior,Familiar,0,65,7,20-09-19 14:09,CAM2P.3,1.0,[951932454],1.0,48,48,322,320,451,-999,0,17,2,5,2,7,0.039,2.664491553,0.020520269,0.019269685,,0.062687139,0.0,,-0.556875024,,0.0,,9.17370779,1.395073465,0.005857811
952837870,952690419.0,[939523510],457766,GCaMP6s,Slc17a7-IRES2-Cre/wt;Camk2a-tTA/wt;Ai94(TITL-GCaMP6s)/wt,"['Slc17a7-IRES2-Cre', 'Camk2a-tTA']",Slc17a7-IRES2-Cre,Ai94(TITL-GCaMP6s),M,209,,VisualBehavior,OPHYS_3_images_A,3,images_A,active_behavior,Familiar,1,66,8,23-09-19 13:17,CAM2P.3,1.0,[953452368],1.0,31,33,224,203,898,-999,2,55,21,5,21,26,0.172,3.370734035,0.207848671,0.209355999,0.709761905,0.173370277,0.183709871,0.5,-0.144138812,0.436510696,0.604585347,0.565948822,8.962177648,1.365043174,0.006248106
954963038,954800562.0,[939523510],457766,GCaMP6s,Slc17a7-IRES2-Cre/wt;Camk2a-tTA/wt;Ai94(TITL-GCaMP6s)/wt,"['Slc17a7-IRES2-Cre', 'Camk2a-tTA']",Slc17a7-IRES2-Cre,Ai94(TITL-GCaMP6s),M,211,,VisualBehavior,OPHYS_3_images_A,3,images_A,active_behavior,Familiar,3,68,10,25-09-19 13:40,CAM2P.3,1.0,[955278565],1.0,7,10,82,26,1100,-999,3,33,56,5,56,61,0.417,2.578539299,0.704733409,0.718048627,0.717776162,0.356285714,0.422952381,0.283333333,0.852425888,1.040062057,1.235219649,1.145433143,3.223848836,1.284125021,0.004913444
956269097,956121729.0,[939523510],457766,GCaMP6s,Slc17a7-IRES2-Cre/wt;Camk2a-tTA/wt;Ai94(TITL-GCaMP6s)/wt,"['Slc17a7-IRES2-Cre', 'Camk2a-tTA']",Slc17a7-IRES2-Cre,Ai94(TITL-GCaMP6s),M,212,,VisualBehavior,OPHYS_4_images_B,4,images_B,active_behavior,Novel 1,0,0,11,26-09-19 13:47,CAM2P.3,1.0,[956820482],1.0,14,19,119,13,960,-999,5,314,106,5,106,111,0.767,4.390007538,0.913473149,0.909823514,0.931943174,0.341979739,0.352849304,0.312555379,1.857924604,2.016823185,2.456891608,2.456891608,10.69586033,1.470662306,0.01099736
957387951,957247123.0,[939523510],457766,GCaMP6s,Slc17a7-IRES2-Cre/wt;Camk2a-tTA/wt;Ai94(TITL-GCaMP6s)/wt,"['Slc17a7-IRES2-Cre', 'Camk2a-tTA']",Slc17a7-IRES2-Cre,Ai94(TITL-GCaMP6s),M,213,,VisualBehavior,OPHYS_6_images_B,6,images_B,active_behavior,Novel >1,0,1,12,27-09-19 14:40,CAM2P.3,1.0,[957655294],1.0,21,26,190,91,774,-999,5,309,99,5,99,104,0.718,3.384857813,0.590498032,0.601105462,0.631167881,0.262618467,0.278897537,0.283152788,0.981232455,1.076790157,1.88950996,1.88950996,18.35632605,1.150055321,0.011560711
934812249,934576432.0,[930024022],459773,GCaMP6f,Slc17a7-IRES2-Cre/wt;Camk2a-tTA/wt;Ai93(TITL-GCaMP6f)/wt,"['Slc17a7-IRES2-Cre', 'Camk2a-tTA']",Slc17a7-IRES2-Cre,Ai93(TITL-GCaMP6f),F,174,,VisualBehavior,OPHYS_1_images_A,1,images_A,active_behavior,Familiar,0,53,0,29-08-19 11:42,CAM2P.5,1.0,[935440133],1.0,33,39,261,103,603,-999,6,501,158,5,158,163,1.131,4.305625934,0.717655634,0.719327875,0.772396659,0.195078699,0.185463314,0.202367675,1.555438825,1.693975965,2.586061861,2.586061861,19.94943637,1.293959147,0.003369837
935653479,935554523.0,[930024022],459773,GCaMP6f,Slc17a7-IRES2-Cre/wt;Camk2a-tTA/wt;Ai93(TITL-GCaMP6f)/wt,"['Slc17a7-IRES2-Cre', 'Camk2a-tTA']",Slc17a7-IRES2-Cre,Ai93(TITL-GCaMP6f),F,175,,VisualBehavior,OPHYS_3_images_A,3,images_A,active_behavior,Familiar,0,54,1,30-08-19 11:13,CAM2P.5,1.0,[936494970],1.0,28,34,229,93,679,-999,6,486,136,5,136,141,0.977,4.244335301,0.740900496,0.745970205,0.843342544,0.237632368,0.214555445,0.280302652,1.476139271,1.634069237,2.463317517,2.463317517,20.52608662,1.343282978,0.002917672
939533442,939520170.0,[930024022],459773,GCaMP6f,Slc17a7-IRES2-Cre/wt;Camk2a-tTA/wt;Ai93(TITL-GCaMP6f)/wt,"['Slc17a7-IRES2-Cre', 'Camk2a-tTA']",Slc17a7-IRES2-Cre,Ai93(TITL-GCaMP6f),F,181,,VisualBehavior,OPHYS_4_images_B,4,images_B,active_behavior,Novel 1,0,0,4,05-09-19 10:54,CAM2P.5,1.0,[940352367],1.0,25,32,225,39,841,-999,7,719,186,5,186,191,1.327,4.927497801,0.900213283,0.908829092,0.900188886,0.355661463,0.370341064,0.359296684,1.93714629,1.931559328,2.880988093,2.880988093,27.60983166,1.392173373,0.005928658
940628402,940447433.0,[930024022],459773,GCaMP6f,Slc17a7-IRES2-Cre/wt;Camk2a-tTA/wt;Ai93(TITL-GCaMP6f)/wt,"['Slc17a7-IRES2-Cre', 'Camk2a-tTA']",Slc17a7-IRES2-Cre,Ai93(TITL-GCaMP6f),F,182,,VisualBehavior,OPHYS_6_images_B,6,images_B,active_behavior,Novel >1,0,1,5,06-09-19 11:51,CAM2P.5,1.0,[940852112],1.0,18,20,153,19,1154,-999,2,862,134,5,134,139,0.963,3.526543509,0.909923178,0.921991978,0.911157855,0.188159436,0.190371162,0.196343193,2.368767741,2.336940204,2.912222603,2.912222603,29.39119025,1.431114354,0.005213123
938425882,938175546.0,[930022332],459777,GCaMP6f,Slc17a7-IRES2-Cre/wt;Camk2a-tTA/wt;Ai93(TITL-GCaMP6f)/wt,"['Slc17a7-IRES2-Cre', 'Camk2a-tTA']",Slc17a7-IRES2-Cre,Ai93(TITL-GCaMP6f),F,180,,VisualBehavior,OPHYS_1_images_A,1,images_A,active_behavior,Familiar,0,57,0,04-09-19 11:25,CAM2P.3,1.0,[939327156],1.0,44,45,303,182,522,-999,1,271,121,5,121,126,0.872,4.015858562,0.431461165,0.427138399,0.484849989,0.067340829,0.023199215,0.066862921,1.363544735,1.528170458,2.0082075,2.0082075,22.43035008,1.259272898,0.004485916
940553228,940446507.0,[930022332],459777,GCaMP6f,Slc17a7-IRES2-Cre/wt;Camk2a-tTA/wt;Ai93(TITL-GCaMP6f)/wt,"['Slc17a7-IRES2-Cre', 'Camk2a-tTA']",Slc17a7-IRES2-Cre,Ai93(TITL-GCaMP6f),F,182,,VisualBehavior,OPHYS_3_images_A,3,images_A,active_behavior,Familiar,0,59,2,06-09-19 10:48,CAM2P.3,1.0,[940852658],1.0,39,42,292,177,535,-999,3,328,115,5,115,120,0.83,4.455378078,0.503863827,0.507932475,0.673365007,0.096685571,0.084477932,0.116522983,1.211790651,1.671939119,1.987497799,1.987497799,19.92787946,1.287396598,0.003894897
941457567,941300832.0,[930022332],459777,GCaMP6f,Slc17a7-IRES2-Cre/wt;Camk2a-tTA/wt;Ai93(TITL-GCaMP6f)/wt,"['Slc17a7-IRES2-Cre', 'Camk2a-tTA']",Slc17a7-IRES2-Cre,Ai93(TITL-GCaMP6f),F,185,,VisualBehavior,OPHYS_4_images_B,4,images_B,active_behavior,Novel 1,0,0,3,09-09-19 11:02,CAM2P.3,1.0,[942043482],1.0,46,48,331,320,464,-999,2,42,11,5,11,16,0.102,3.7055828,0.094013603,0.091279256,0.703465978,0.08040463,0.041260355,,-0.468300431,,0.980744062,,20.03007271,1.247229555,0.004164646
943479988,943299247.0,[930022332],459777,GCaMP6f,Slc17a7-IRES2-Cre/wt;Camk2a-tTA/wt;Ai93(TITL-GCaMP6f)/wt,"['Slc17a7-IRES2-Cre', 'Camk2a-tTA']",Slc17a7-IRES2-Cre,Ai93(TITL-GCaMP6f),F,187,,VisualBehavior,OPHYS_6_images_B,6,images_B,active_behavior,Novel >1,0,2,5,11-09-19 11:32,CAM2P.3,1.0,[944366183],1.0,45,45,318,234,488,-999,0,223,84,5,84,89,0.613,4.555865577,0.166561208,0.157623689,0.466295128,0.062182048,0.0,0.040176765,0.108873596,1.624721304,2.508050479,2.508050479,18.87964477,1.30797568,0.00342023
960834330,960749169.0,[957024596],467302,GCaMP6f,Sst-IRES-Cre/wt;Ai148(TIT2L-GC6f-ICL-tTA2)/wt,['Sst-IRES-Cre'],Sst-IRES-Cre,Ai148(TIT2L-GC6f-ICL-tTA2),M,173,,VisualBehavior,OPHYS_1_images_A,1,images_A,active_behavior,Familiar,1,27,1,03-10-19 16:14,CAM2P.5,1.0,[960957793],1.0,49,49,345,345,400,-999,0,0,0,5,0,5,0.025,0.0,0.011554951,0.0,,0.064417266,0.0,,-0.669821525,,-0.463616007,,25.32278562,1.216133544,0.009484265
962346335,962206869.0,[957024596],467302,GCaMP6f,Sst-IRES-Cre/wt;Ai148(TIT2L-GC6f-ICL-tTA2)/wt,['Sst-IRES-Cre'],Sst-IRES-Cre,Ai148(TIT2L-GC6f-ICL-tTA2),M,177,,VisualBehavior,OPHYS_3_images_A,3,images_A,active_behavior,Familiar,0,29,3,07-10-19 16:35,CAM2P.5,1.0,[962471831],1.0,20,28,189,94,758,-999,8,227,95,5,95,100,0.69,3.18043397,0.567419963,0.562811668,0.589016192,0.420076396,0.427053141,0.440698295,0.437608321,0.409375688,1.465233793,1.298332554,25.92049596,1.166172302,0.012262635
965034185,964912357.0,[957024596],467302,GCaMP6f,Sst-IRES-Cre/wt;Ai148(TIT2L-GC6f-ICL-tTA2)/wt,['Sst-IRES-Cre'],Sst-IRES-Cre,Ai148(TIT2L-GC6f-ICL-tTA2),M,180,,VisualBehavior,OPHYS_4_images_B,4,images_B,active_behavior,Novel 1,0,0,6,10-10-19 13:40,CAM2P.5,1.0,[965228792],1.0,21,23,158,86,956,-999,2,196,72,5,72,77,0.529,3.377531777,0.675663114,0.679806761,0.907454695,0.174872414,0.136031798,0.260115735,1.622658148,2.039397163,2.718107637,2.679096873,16.93604737,1.818596986,0.010672002
966765494,966603493.0,[957024596],467302,GCaMP6f,Sst-IRES-Cre/wt;Ai148(TIT2L-GC6f-ICL-tTA2)/wt,['Sst-IRES-Cre'],Sst-IRES-Cre,Ai148(TIT2L-GC6f-ICL-tTA2),M,184,,VisualBehavior,OPHYS_6_images_B,6,images_B,active_behavior,Novel >1,0,2,8,14-10-19 14:55,CAM2P.5,1.0,[967005387],1.0,7,14,93,7,1241,-999,7,273,86,5,86,91,0.627,3.963715488,0.91399327,0.925675513,0.935693205,0.430809023,0.381280721,0.448453541,1.623224848,1.66376059,2.100566622,2.034227134,22.13840607,1.986523566,0.015597208
937783930,937364655.0,[929913236],468866,GCaMP6f,Vip-IRES-Cre/wt;Ai148(TIT2L-GC6f-ICL-tTA2)/wt,['Vip-IRES-Cre'],Vip-IRES-Cre,Ai148(TIT2L-GC6f-ICL-tTA2),F,139,,VisualBehavior,OPHYS_1_images_A,1,images_A,active_behavior,Familiar,1,15,1,03-09-19 15:01,CAM2P.4,1.0,[938003662],1.0,5,9,70,14,970,-999,4,4,56,5,56,61,0.417,2.610114476,0.793751579,0.787422465,0.785575049,0.511190476,0.536190476,0.5,0.798445473,0.80459638,1.339185168,0.80459638,1.160921991,1.244569385,0.01465602
940017421,939524851.0,[929913236],468866,GCaMP6f,Vip-IRES-Cre/wt;Ai148(TIT2L-GC6f-ICL-tTA2)/wt,['Vip-IRES-Cre'],Vip-IRES-Cre,Ai148(TIT2L-GC6f-ICL-tTA2),F,141,,VisualBehavior,OPHYS_1_images_A,1,images_A,active_behavior,Familiar,3,17,3,05-09-19 15:05,CAM2P.4,1.0,[940352989],1.0,7,14,103,34,805,-999,7,54,69,5,69,74,0.508,2.521424332,0.780983701,0.776710197,0.725996374,0.518257833,0.549507833,0.483838384,0.772588107,0.646986722,1.382994127,0.839800511,1.056589947,1.200015579,0.018771622
944950609,944810835.0,[929913236],468866,GCaMP6f,Vip-IRES-Cre/wt;Ai148(TIT2L-GC6f-ICL-tTA2)/wt,['Vip-IRES-Cre'],Vip-IRES-Cre,Ai148(TIT2L-GC6f-ICL-tTA2),F,148,,VisualBehavior,OPHYS_3_images_A,3,images_A,active_behavior,Familiar,0,20,6,12-09-19 12:57,CAM2P.4,1.0,[945473009],1.0,2,10,71,13,1072,-999,8,33,58,5,58,63,0.431,2.464946987,0.840443012,0.849702272,0.857215236,0.687426901,0.861769006,0.865079365,0.520926145,-0.037735444,1.564726471,0.022091458,4.106135034,1.243734183,0.03536087
947311015,946951902.0,[929913236],468866,GCaMP6f,Vip-IRES-Cre/wt;Ai148(TIT2L-GC6f-ICL-tTA2)/wt,['Vip-IRES-Cre'],Vip-IRES-Cre,Ai148(TIT2L-GC6f-ICL-tTA2),F,152,,VisualBehavior,OPHYS_3_images_A,3,images_A,active_behavior,Familiar,1,21,7,16-09-19 13:58,CAM2P.4,1.0,[947716576],1.0,9,14,91,37,913,-999,5,58,54,5,54,59,0.403,2.92444335,0.776558463,0.793991916,0.776176166,0.452581851,0.473415184,0.499647266,0.915065835,0.761235316,1.833914636,1.044985711,4.443249147,1.342203576,0.038358957
948206919,948090163.0,[929913236],468866,GCaMP6f,Vip-IRES-Cre/wt;Ai148(TIT2L-GC6f-ICL-tTA2)/wt,['Vip-IRES-Cre'],Vip-IRES-Cre,Ai148(TIT2L-GC6f-ICL-tTA2),F,153,,VisualBehavior,OPHYS_3_images_A,3,images_A,active_behavior,Familiar,2,22,8,17-09-19 12:57,CAM2P.4,1.0,[948507789],1.0,8,14,103,32,838,-999,6,124,71,5,71,76,0.522,3.080510021,0.837476085,0.849993043,0.783392617,0.511211011,0.560739313,0.474348379,0.997228743,0.864443497,1.593218818,1.08160686,1.785557837,1.176808417,0.02632085
950157787,949209988.0,[929913236],468866,GCaMP6f,Vip-IRES-Cre/wt;Ai148(TIT2L-GC6f-ICL-tTA2)/wt,['Vip-IRES-Cre'],Vip-IRES-Cre,Ai148(TIT2L-GC6f-ICL-tTA2),F,155,,VisualBehavior,OPHYS_4_images_B,4,images_B,active_behavior,Novel 1,0,0,10,19-09-19 13:24,CAM2P.4,1.0,[950833329],1.0,24,31,217,138,640,-999,7,231,79,5,79,84,0.578,4.255784884,0.517317574,0.514438577,0.779815864,0.362400758,0.381327647,0.651008367,0.370179223,0.40101602,1.003147968,0.841621234,0.880787741,1.61191086,0.042970117
952746230,952434025.0,[929913236],468866,GCaMP6f,Vip-IRES-Cre/wt;Ai148(TIT2L-GC6f-ICL-tTA2)/wt,['Vip-IRES-Cre'],Vip-IRES-Cre,Ai148(TIT2L-GC6f-ICL-tTA2),F,159,,VisualBehavior,OPHYS_6_images_B,6,images_B,active_behavior,Novel >1,0,1,11,23-09-19 12:25,CAM2P.4,1.0,[953443028],1.0,30,34,245,181,552,-999,4,209,64,5,64,69,0.473,3.529585435,0.398717008,0.399995781,0.835941557,0.191370773,0.163205753,0.388341544,0.435315442,1.285175144,1.595312727,1.595312727,0.47077199,1.166555887,0.032567965
972429310,972293086.0,[968451510],479426,GCaMP6s,Slc17a7-IRES2-Cre/wt;Camk2a-tTA/wt;Ai94(TITL-GCaMP6s)/wt,"['Slc17a7-IRES2-Cre', 'Camk2a-tTA']",Slc17a7-IRES2-Cre,Ai94(TITL-GCaMP6s),F,135,,VisualBehavior,OPHYS_1_images_A,1,images_A,active_behavior,Familiar,0,23,0,24-10-19 11:17,CAM2P.5,1.0,[972701564],1.0,28,34,235,113,683,-999,6,397,122,5,122,127,0.879,3.894270421,0.583451731,0.587169203,0.596202111,0.300046312,0.320261428,0.337029439,0.873517929,0.805192346,1.762185908,1.725593847,14.99858863,1.79111347,0.011490734
974140453,974019098.0,[968451510],479426,GCaMP6s,Slc17a7-IRES2-Cre/wt;Camk2a-tTA/wt;Ai94(TITL-GCaMP6s)/wt,"['Slc17a7-IRES2-Cre', 'Camk2a-tTA']",Slc17a7-IRES2-Cre,Ai94(TITL-GCaMP6s),F,141,,VisualBehavior,OPHYS_3_images_A,3,images_A,active_behavior,Familiar,1,27,4,30-10-19 10:11,CAM2P.5,1.0,[974384470],1.0,16,23,166,51,723,-999,7,375,115,5,115,120,0.83,3.887414641,0.734107199,0.738096561,0.733688033,0.306043501,0.236151841,0.29892846,1.210837435,1.235211609,2.040343074,2.013756075,20.97579206,1.693773793,0.010352396
974606492,974479344.0,[968451510],479426,GCaMP6s,Slc17a7-IRES2-Cre/wt;Camk2a-tTA/wt;Ai94(TITL-GCaMP6s)/wt,"['Slc17a7-IRES2-Cre', 'Camk2a-tTA']",Slc17a7-IRES2-Cre,Ai94(TITL-GCaMP6s),F,142,,VisualBehavior,OPHYS_4_images_B,4,images_B,active_behavior,Novel 1,0,0,5,31-10-19 9:54,CAM2P.5,1.0,[974945686],1.0,26,27,197,33,649,-999,1,619,164,5,164,169,1.173,4.259855887,0.799204895,0.805922582,0.800928034,0.096677868,0.049195237,0.095883322,2.246139517,2.257511737,3.000371762,3.000371762,17.18599126,2.013663109,0.015753446
976623704,976354690.0,[968451510],479426,GCaMP6s,Slc17a7-IRES2-Cre/wt;Camk2a-tTA/wt;Ai94(TITL-GCaMP6s)/wt,"['Slc17a7-IRES2-Cre', 'Camk2a-tTA']",Slc17a7-IRES2-Cre,Ai94(TITL-GCaMP6s),F,147,,VisualBehavior,OPHYS_6_images_B,6,images_B,active_behavior,Novel >1,1,2,7,05-11-19 10:07,CAM2P.5,1.0,[977132456],1.0,26,34,224,74,659,-999,8,531,150,5,150,155,1.075,4.804832438,0.830653859,0.841152862,0.937281401,0.330688874,0.309371045,0.383800886,1.823190386,2.088281592,2.776027843,2.776027843,19.21842039,1.722169523,0.011593714
1006931469,1006901110.0,[1006071814],495789,GCaMP6f,Sst-IRES-Cre/wt;Ai148(TIT2L-GC6f-ICL-tTA2)/wt,['Sst-IRES-Cre'],Sst-IRES-Cre,Ai148(TIT2L-GC6f-ICL-tTA2),M,155,,VisualBehavior,OPHYS_1_images_A,1,images_A,active_behavior,Familiar,0,9,0,13-02-20 10:36,CAM2P.3,1.0,[1007107386],1.0,40,42,323,307,503,-999,2,0,16,5,16,21,0.137,1.653821907,0.071859495,0.064700613,,0.127003255,0.113696423,,-0.293547021,,0.647083203,,1.104971127,1.195616942,0.0083019
1007247990,1007216425.0,[1006071814],495789,GCaMP6f,Sst-IRES-Cre/wt;Ai148(TIT2L-GC6f-ICL-tTA2)/wt,['Sst-IRES-Cre'],Sst-IRES-Cre,Ai148(TIT2L-GC6f-ICL-tTA2),M,156,,VisualBehavior,OPHYS_3_images_A,3,images_A,active_behavior,Familiar,0,10,1,14-02-20 10:06,CAM2P.3,1.0,[1007372463],1.0,34,37,254,199,596,-999,3,64,55,5,55,60,0.41,2.821225374,0.31524242,0.316037922,0.550357235,0.168182798,0.160189407,0.365567766,0.464145652,0.510101619,1.424660188,0.831691048,0.553945574,1.168421988,0.008049682
1008030870,1008005573.0,[1006071814],495789,GCaMP6f,Sst-IRES-Cre/wt;Ai148(TIT2L-GC6f-ICL-tTA2)/wt,['Sst-IRES-Cre'],Sst-IRES-Cre,Ai148(TIT2L-GC6f-ICL-tTA2),M,160,,VisualBehavior,OPHYS_4_images_B,4,images_B,active_behavior,Novel 1,0,0,3,18-02-20 10:11,CAM2P.3,1.0,[1008318518],1.0,39,40,265,212,580,-999,1,124,53,5,53,58,0.396,2.930939472,0.312596782,0.315144306,0.685577831,0.074752436,0.028447494,0.160164141,0.577082021,1.56477148,2.229943466,2.100069366,0.784800948,1.17682358,0.008787015
1008881178,1008813715.0,[1006071814],495789,GCaMP6f,Sst-IRES-Cre/wt;Ai148(TIT2L-GC6f-ICL-tTA2)/wt,['Sst-IRES-Cre'],Sst-IRES-Cre,Ai148(TIT2L-GC6f-ICL-tTA2),M,162,,VisualBehavior,OPHYS_6_images_B,6,images_B,active_behavior,Novel >1,0,2,5,20-02-20 9:56,CAM2P.3,1.0,[1009114207],1.0,20,28,187,95,735,-999,8,318,92,5,92,97,0.669,3.536935451,0.651559189,0.660907741,0.775639881,0.42134501,0.484061752,0.565564577,0.724711557,0.623596774,1.69062163,1.69062163,0.395469739,0.916990009,0.01484357
1052517136,1052482256.0,[1051327176],523927,GCaMP6f,Vip-IRES-Cre/wt;Ai148(TIT2L-GC6f-ICL-tTA2)/wt,['Vip-IRES-Cre'],Vip-IRES-Cre,Ai148(TIT2L-GC6f-ICL-tTA2),F,192,,VisualBehavior,OPHYS_1_images_A,1,images_A,active_behavior,Familiar,0,51,0,24-09-20 12:04,CAM2P.4,1.0,[1052609309],1.0,35,39,275,225,554,-999,4,189,50,5,50,55,0.375,3.390030518,0.293251674,0.292273669,0.70227861,0.174010915,0.148066504,0.331913116,0.109017712,0.991904849,1.641911316,1.641911316,29.5039618,1.256171923,0.02598089
1053566913,1053465359.0,[1051327176],523927,GCaMP6f,Vip-IRES-Cre/wt;Ai148(TIT2L-GC6f-ICL-tTA2)/wt,['Vip-IRES-Cre'],Vip-IRES-Cre,Ai148(TIT2L-GC6f-ICL-tTA2),F,197,,VisualBehavior,OPHYS_3_images_A,3,images_A,active_behavior,Familiar,0,53,2,29-09-20 12:48,CAM2P.4,1.0,[1053605418],1.0,42,44,310,281,498,-999,2,105,29,5,29,34,0.228,3.694810242,0.178722698,0.179778232,0.626067933,0.100374998,0.055003144,0.214035088,-0.109339251,1.073767402,1.50843701,1.50843701,20.67865327,1.417937069,0.011845443
1053932830,1053882120.0,[1051327176],523927,GCaMP6f,Vip-IRES-Cre/wt;Ai148(TIT2L-GC6f-ICL-tTA2)/wt,['Vip-IRES-Cre'],Vip-IRES-Cre,Ai148(TIT2L-GC6f-ICL-tTA2),F,199,,VisualBehavior,OPHYS_4_images_B,4,images_B,active_behavior,Novel 1,0,0,4,01-10-20 12:51,CAM2P.4,1.0,[1053997501],1.0,38,40,279,242,566,-999,2,78,37,5,37,42,0.284,3.271758577,0.249280365,0.252372309,0.783932811,0.107870014,0.106763897,0.318917749,0.202297639,1.326830614,1.706515592,1.706515592,25.07652094,1.380628711,0.036796105
1054723429,1054703410.0,[1051327176],523927,GCaMP6f,Vip-IRES-Cre/wt;Ai148(TIT2L-GC6f-ICL-tTA2)/wt,['Vip-IRES-Cre'],Vip-IRES-Cre,Ai148(TIT2L-GC6f-ICL-tTA2),F,203,,VisualBehavior,OPHYS_6_images_B,6,images_B,active_behavior,Novel >1,0,2,6,05-10-20 13:13,CAM2P.4,1.0,[1054813047],1.0,34,39,280,210,551,-999,5,182,70,5,70,75,0.515,4.490942129,0.264580959,0.267624406,0.440199137,0.177282887,0.141777495,0.287947754,0.058951208,0.328746421,0.868253348,0.789186093,17.79005896,1.378134608,0.011222411
1042294199,1042249629.0,[1039579201],524274,GCaMP6f,Sst-IRES-Cre/wt;Ai148(TIT2L-GC6f-ICL-tTA2)/wt,['Sst-IRES-Cre'],Sst-IRES-Cre,Ai148(TIT2L-GC6f-ICL-tTA2),M,146,,VisualBehavior,OPHYS_1_images_A,1,images_A,active_behavior,Familiar,0,27,0,11-08-20 13:18,CAM2P.4,1.0,[1042387068],1.0,16,30,199,124,721,-999,14,285,75,5,75,80,0.55,3.273033896,0.413483899,0.415667305,0.411273161,0.470060122,0.493042185,0.530125553,-0.165005402,-0.343171794,0.72134497,0.139710299,15.54718544,1.651160975,0.017143628
1042542860,1042505240.0,[1039579201],524274,GCaMP6f,Sst-IRES-Cre/wt;Ai148(TIT2L-GC6f-ICL-tTA2)/wt,['Sst-IRES-Cre'],Sst-IRES-Cre,Ai148(TIT2L-GC6f-ICL-tTA2),M,147,,VisualBehavior,OPHYS_1_images_A,1,images_A,active_behavior,Familiar,1,28,1,12-08-20 12:29,CAM2P.4,1.0,[1042639868],1.0,19,26,179,96,743,-999,7,80,83,5,83,88,0.606,2.889981882,0.445702188,0.448141212,0.459148184,0.326201072,0.313574809,0.327226107,0.34030383,0.351469751,1.12108912,1.034482641,16.32823406,1.885828791,0.025076622
1043786075,1043752192.0,[1039579201],524274,GCaMP6f,Sst-IRES-Cre/wt;Ai148(TIT2L-GC6f-ICL-tTA2)/wt,['Sst-IRES-Cre'],Sst-IRES-Cre,Ai148(TIT2L-GC6f-ICL-tTA2),M,152,,VisualBehavior,OPHYS_3_images_A,3,images_A,active_behavior,Familiar,0,31,4,17-08-20 16:59,CAM2P.4,1.0,[1043831389],1.0,9,17,130,42,838,-999,8,154,88,5,88,93,0.641,3.305296738,0.675011574,0.684633915,0.642214895,0.404103115,0.37855567,0.430205597,0.67399481,0.545623563,1.281551566,0.90351642,16.46052668,1.613743966,0.029432398
1044011835,1043989533.0,[1039579201],524274,GCaMP6f,Sst-IRES-Cre/wt;Ai148(TIT2L-GC6f-ICL-tTA2)/wt,['Sst-IRES-Cre'],Sst-IRES-Cre,Ai148(TIT2L-GC6f-ICL-tTA2),M,153,,VisualBehavior,OPHYS_4_images_B,4,images_B,active_behavior,Novel 1,0,0,5,18-08-20 14:41,CAM2P.4,1.0,[1044095203],1.0,42,43,295,271,526,-999,1,0,24,5,24,29,0.193,1.840334264,0.06070286,0.055704386,,0.065638553,0.006616163,,-0.073605165,,0.585186991,,23.62124994,1.397056941,0.005443737
1044602299,1044580813.0,[1039579201],524274,GCaMP6f,Sst-IRES-Cre/wt;Ai148(TIT2L-GC6f-ICL-tTA2)/wt,['Sst-IRES-Cre'],Sst-IRES-Cre,Ai148(TIT2L-GC6f-ICL-tTA2),M,155,,VisualBehavior,OPHYS_6_images_B,6,images_B,active_behavior,Novel >1,0,2,7,20-08-20 14:54,CAM2P.4,1.0,[1044678595],1.0,10,19,143,41,788,-999,9,244,102,5,102,107,0.739,3.391170691,0.751444697,0.759447343,0.753808758,0.652128407,0.691253703,0.536754494,0.169975045,0.508236358,1.668391194,1.668391194,19.24597001,1.660669596,0.008128919
1050267978,1050246780.0,[1049224697],533527,GCaMP6f,Sst-IRES-Cre/wt;Ai148(TIT2L-GC6f-ICL-tTA2)/wt,['Sst-IRES-Cre'],Sst-IRES-Cre,Ai148(TIT2L-GC6f-ICL-tTA2),M,120,,VisualBehavior,OPHYS_1_images_A,1,images_A,active_behavior,Familiar,0,10,0,14-09-20 13:12,CAM2P.3,1.0,[1050406399],1.0,40,44,292,239,526,-999,4,182,53,5,53,58,0.396,3.603419773,0.277623125,0.277823546,0.628948846,0.173336399,0.133436441,0.446901261,0.127253693,0.468641418,1.057768993,0.76676544,1.77424148,1.249103954,0.012391645
1050970990,1050957017.0,[1049224697],533527,GCaMP6f,Sst-IRES-Cre/wt;Ai148(TIT2L-GC6f-ICL-tTA2)/wt,['Sst-IRES-Cre'],Sst-IRES-Cre,Ai148(TIT2L-GC6f-ICL-tTA2),M,122,,VisualBehavior,OPHYS_3_images_A,3,images_A,active_behavior,Familiar,0,12,2,16-09-20 15:53,CAM2P.3,1.0,[1051009897],1.0,20,28,202,144,752,-999,8,89,58,5,58,63,0.431,3.995256299,0.399099342,0.401282748,0.503245116,0.425939073,0.457806662,0.650862069,-0.04504357,-0.440842206,0.788848232,0.181940129,3.87459013,1.282352789,0.009163899
1051142682,1051119110.0,[1049224697],533527,GCaMP6f,Sst-IRES-Cre/wt;Ai148(TIT2L-GC6f-ICL-tTA2)/wt,['Sst-IRES-Cre'],Sst-IRES-Cre,Ai148(TIT2L-GC6f-ICL-tTA2),M,123,,VisualBehavior,OPHYS_3_images_A,3,images_A,active_behavior,Familiar,1,13,3,17-09-20 12:30,CAM2P.3,1.0,[1051217227],1.0,38,42,292,260,513,-999,4,43,32,5,32,37,0.249,2.8983517,0.172239105,0.165837352,0.411291703,0.172958861,0.145011708,0.405,-0.208574992,0.013080897,0.67448975,0.289163735,1.435874848,1.474768534,0.013212828
1051341605,1051327401.0,[1049224697],533527,GCaMP6f,Sst-IRES-Cre/wt;Ai148(TIT2L-GC6f-ICL-tTA2)/wt,['Sst-IRES-Cre'],Sst-IRES-Cre,Ai148(TIT2L-GC6f-ICL-tTA2),M,124,,VisualBehavior,OPHYS_4_images_B,4,images_B,active_behavior,Novel 1,0,0,4,18-09-20 11:56,CAM2P.3,1.0,[1051423446],1.0,36,39,278,230,518,-999,3,86,48,5,48,53,0.361,3.292002948,0.198623178,0.193210332,0.357846701,0.124121502,0.081998619,0.114419108,0.136579139,0.863495209,1.182263348,1.182263348,1.452170161,0.997806684,0.00905823
1052327057,1052307202.0,[1049224697],533527,GCaMP6f,Sst-IRES-Cre/wt;Ai148(TIT2L-GC6f-ICL-tTA2)/wt,['Sst-IRES-Cre'],Sst-IRES-Cre,Ai148(TIT2L-GC6f-ICL-tTA2),M,129,,VisualBehavior,OPHYS_6_images_B,6,images_B,active_behavior,Novel >1,1,3,7,23-09-20 13:27,CAM2P.3,1.0,[1052391266],1.0,41,43,306,254,504,-999,2,177,52,5,52,57,0.389,4.218255344,0.277666315,0.279204694,0.77168506,0.125042707,0.113816395,0.436634921,0.151481217,0.873231582,1.439199424,1.400995466,0.314859793,1.164182065,0.006232683
1065418558,1065384473.0,[1064333290],538219,GCaMP6f,Vip-IRES-Cre/wt;Ai148(TIT2L-GC6f-ICL-tTA2)/wt,['Vip-IRES-Cre'],Vip-IRES-Cre,Ai148(TIT2L-GC6f-ICL-tTA2),F,165,,VisualBehavior,OPHYS_1_images_A,1,images_A,active_behavior,Familiar,0,13,0,23-11-20 11:52,CAM2P.3,1.0,[1065523124],1.0,3,11,84,19,1192,-999,8,120,65,5,65,70,0.48,2.905928789,0.819403874,0.836266865,0.809642613,0.754623947,0.864514057,0.768467282,0.242791167,0.141218556,1.534120544,0.449848481,1.59443793,1.38993003,0.030419803
1065864253,1065818402.0,[1064333290],538219,GCaMP6f,Vip-IRES-Cre/wt;Ai148(TIT2L-GC6f-ICL-tTA2)/wt,['Vip-IRES-Cre'],Vip-IRES-Cre,Ai148(TIT2L-GC6f-ICL-tTA2),F,166,,VisualBehavior,OPHYS_1_images_A,1,images_A,active_behavior,Familiar,1,14,1,24-11-20 10:00,CAM2P.3,1.0,[1065966776],1.0,17,22,158,103,901,-999,5,85,55,5,55,60,0.41,2.704105102,0.518142505,0.525810855,0.23647801,0.364122332,0.383537748,0.202693603,0.465305179,0.182576841,1.281551566,0.368355463,2.350095631,1.315928053,0.022341133
1066967257,1066943402.0,[1064333290],538219,GCaMP6f,Vip-IRES-Cre/wt;Ai148(TIT2L-GC6f-ICL-tTA2)/wt,['Vip-IRES-Cre'],Vip-IRES-Cre,Ai148(TIT2L-GC6f-ICL-tTA2),F,172,,VisualBehavior,OPHYS_3_images_A,3,images_A,active_behavior,Familiar,0,16,3,30-11-20 11:59,CAM2P.3,1.0,[1067133170],1.0,33,37,249,213,662,-999,4,41,36,5,36,41,0.277,2.431269037,0.213575918,0.211827666,0.444154483,0.131910163,0.089775661,0.244708995,0.22088085,0.576979177,0.907704466,0.907704466,19.39542637,1.840828122,0.017220327
1067611874,1067593227.0,[1064333290],538219,GCaMP6f,Vip-IRES-Cre/wt;Ai148(TIT2L-GC6f-ICL-tTA2)/wt,['Vip-IRES-Cre'],Vip-IRES-Cre,Ai148(TIT2L-GC6f-ICL-tTA2),F,174,,VisualBehavior,OPHYS_4_images_B,4,images_B,active_behavior,Novel 1,0,0,4,02-12-20 15:11,CAM2P.3,1.0,[1067648397],1.0,28,32,217,107,765,-999,4,378,110,5,110,115,0.795,4.02485032,0.649787011,0.655244555,0.675239594,0.212238715,0.227281052,0.242753416,1.341285841,1.187576596,2.533191268,2.336249743,13.96362089,1.33860501,0.02751275
1069251048,1069224939.0,[1064333290],538219,GCaMP6f,Vip-IRES-Cre/wt;Ai148(TIT2L-GC6f-ICL-tTA2)/wt,['Vip-IRES-Cre'],Vip-IRES-Cre,Ai148(TIT2L-GC6f-ICL-tTA2),F,181,,VisualBehavior,OPHYS_6_images_B,6,images_B,active_behavior,Novel >1,1,3,7,09-12-20 15:28,CAM2P.3,1.0,[1069286452],1.0,21,34,225,134,642,-999,13,333,91,5,91,96,0.662,4.165978123,0.538530192,0.542069446,0.67113869,0.51320232,0.52120232,0.629329676,0.04000753,0.084738626,1.382994127,1.382994127,29.17165457,1.0741958,0.009842542
1065410067,1065382549.0,[1064333322],544261,GCaMP6f,Vip-IRES-Cre/wt;Ai148(TIT2L-GC6f-ICL-tTA2)/wt,['Vip-IRES-Cre'],Vip-IRES-Cre,Ai148(TIT2L-GC6f-ICL-tTA2),F,126,,VisualBehavior,OPHYS_1_images_A,1,images_A,active_behavior,Familiar,0,10,0,23-11-20 11:38,CAM2P.4,1.0,[1065523118],1.0,37,42,276,186,557,-999,5,136,90,5,90,95,0.655,3.662341322,0.385750432,0.388633032,0.456572667,0.169963994,0.172798827,0.220929458,0.706595314,0.675803508,1.338097739,1.289451672,29.30132403,1.184216385,0.026854986
1066971490,1066944927.0,[1064333322],544261,GCaMP6f,Vip-IRES-Cre/wt;Ai148(TIT2L-GC6f-ICL-tTA2)/wt,['Vip-IRES-Cre'],Vip-IRES-Cre,Ai148(TIT2L-GC6f-ICL-tTA2),F,133,,VisualBehavior,OPHYS_3_images_A,3,images_A,active_behavior,Familiar,1,13,3,30-11-20 12:19,CAM2P.4,1.0,[1067133175],1.0,31,36,252,190,617,-999,5,147,62,5,62,67,0.459,3.491926053,0.388709165,0.393031695,0.831447005,0.257234955,0.251550523,0.685325092,0.460304789,0.658916619,1.465233793,1.465233793,23.48212097,1.007667683,0.020996997
1067619789,1067604782.0,[1064333322],544261,GCaMP6f,Vip-IRES-Cre/wt;Ai148(TIT2L-GC6f-ICL-tTA2)/wt,['Vip-IRES-Cre'],Vip-IRES-Cre,Ai148(TIT2L-GC6f-ICL-tTA2),F,135,,VisualBehavior,OPHYS_4_images_B,4,images_B,active_behavior,Novel 1,0,0,4,02-12-20 16:09,CAM2P.4,1.0,[1067647876],1.0,25,27,191,81,727,-999,2,230,110,5,110,115,0.795,3.99610551,0.508025844,0.510319422,0.456534418,0.077461826,0.003647587,0.089716655,1.543750843,1.356397941,2.205351821,2.205351821,24.0037465,1.000306457,0.042713064
1071017498,1070970140.0,[1064333322],544261,GCaMP6f,Vip-IRES-Cre/wt;Ai148(TIT2L-GC6f-ICL-tTA2)/wt,['Vip-IRES-Cre'],Vip-IRES-Cre,Ai148(TIT2L-GC6f-ICL-tTA2),F,149,,VisualBehavior,OPHYS_6_images_B,6,images_B,active_behavior,Novel >1,3,6,10,16-12-20 16:11,CAM2P.4,1.0,[1071070929],1.0,18,27,184,110,685,-999,9,77,74,5,74,79,0.543,3.271754372,0.362174567,0.364544235,0.359609944,0.339153635,0.295483763,0.334765466,0.084705239,0.065000642,0.721909509,0.721909509,25.21642795,0.99820234,0.058591977
1071270468,1071202230.0,[1064333322],544261,GCaMP6f,Vip-IRES-Cre/wt;Ai148(TIT2L-GC6f-ICL-tTA2)/wt,['Vip-IRES-Cre'],Vip-IRES-Cre,Ai148(TIT2L-GC6f-ICL-tTA2),F,150,,VisualBehavior,OPHYS_6_images_B,6,images_B,active_behavior,Novel >1,4,7,11,17-12-20 11:21,CAM2P.4,1.0,[1071440875],1.0,28,33,238,144,623,-999,5,243,94,5,94,99,0.683,4.098443707,0.509587243,0.513431032,0.608178594,0.217034722,0.18409134,0.279442993,0.890987752,0.861304729,1.895130099,1.895130099,24.6771793,1.198021752,0.012581692
1081479282,1081459617.0,[1080284671],546819,GCaMP6f,Sst-IRES-Cre/wt;Ai148(TIT2L-GC6f-ICL-tTA2)/wt,['Sst-IRES-Cre'],Sst-IRES-Cre,Ai148(TIT2L-GC6f-ICL-tTA2),M,182,,VisualBehavior,OPHYS_1_images_A,1,images_A,active_behavior,Familiar,0,26,0,04-02-21 16:00,CAM2P.3,1.0,[1081536273],1.0,28,34,228,158,721,-999,6,84,70,5,70,75,0.515,3.073850015,0.329647501,0.326784906,0.363419578,0.239734014,0.262040924,0.359232434,0.366518703,0.085569524,1.066952443,0.808928802,14.95268359,2.537094887,0.015706444
1082339563,1082325825.0,[1080284671],546819,GCaMP6f,Sst-IRES-Cre/wt;Ai148(TIT2L-GC6f-ICL-tTA2)/wt,['Sst-IRES-Cre'],Sst-IRES-Cre,Ai148(TIT2L-GC6f-ICL-tTA2),M,186,,VisualBehavior,OPHYS_3_images_A,3,images_A,active_behavior,Familiar,0,28,2,08-02-21 15:33,CAM2P.3,1.0,[1082414357],1.0,22,30,197,121,797,-999,8,91,76,5,76,81,0.557,4.091149339,0.457023578,0.45151697,0.451650368,0.310034091,0.286804002,0.289238909,0.402314551,0.45160864,1.20772759,1.140928144,10.30138071,1.61058977,0.014105033
1082762804,1082748382.0,[1080284671],546819,GCaMP6f,Sst-IRES-Cre/wt;Ai148(TIT2L-GC6f-ICL-tTA2)/wt,['Sst-IRES-Cre'],Sst-IRES-Cre,Ai148(TIT2L-GC6f-ICL-tTA2),M,187,,VisualBehavior,OPHYS_3_images_A,3,images_A,active_behavior,Familiar,1,29,3,09-02-21 15:18,CAM2P.3,1.0,[1082818566],1.0,30,32,234,192,721,-999,2,8,42,5,42,47,0.319,2.612246263,0.174291077,0.169905112,,0.11403804,0.070271248,,0.411505783,,0.910665904,,21.6208227,1.199924336,0.013762532
1083001647,1082988691.0,[1080284671],546819,GCaMP6f,Sst-IRES-Cre/wt;Ai148(TIT2L-GC6f-ICL-tTA2)/wt,['Sst-IRES-Cre'],Sst-IRES-Cre,Ai148(TIT2L-GC6f-ICL-tTA2),M,188,,VisualBehavior,OPHYS_4_images_B,4,images_B,active_behavior,Novel 1,0,0,4,10-02-21 13:53,CAM2P.3,1.0,[1083070132],1.0,25,29,196,122,752,-999,4,104,74,5,74,79,0.543,2.693756479,0.392444374,0.396908659,0.439485103,0.166008781,0.120659415,0.228447228,0.748626349,0.635052534,1.3489795,1.028397184,23.42681026,1.275545892,0.004152601
1084262448,1084241786.0,[1080284671],546819,GCaMP6f,Sst-IRES-Cre/wt;Ai148(TIT2L-GC6f-ICL-tTA2)/wt,['Sst-IRES-Cre'],Sst-IRES-Cre,Ai148(TIT2L-GC6f-ICL-tTA2),M,194,,VisualBehavior,OPHYS_6_images_B,6,images_B,active_behavior,Novel >1,0,3,7,16-02-21 15:06,CAM2P.3,1.0,[1084305603],1.0,34,39,279,230,641,-999,5,86,49,5,49,54,0.368,3.00456303,0.251420336,0.249848009,0.502342772,0.240644631,0.250086534,0.67526455,0.130675935,-0.468850433,0.910665904,0.430727299,20.79336396,1.347357617,0.009509163
1083217187,1083188691.0,[1081683701],549976,GCaMP6f,Sst-IRES-Cre/wt;Ai148(TIT2L-GC6f-ICL-tTA2)/wt,['Sst-IRES-Cre'],Sst-IRES-Cre,Ai148(TIT2L-GC6f-ICL-tTA2),M,170,,VisualBehavior,OPHYS_1_images_A,1,images_A,active_behavior,Familiar,0,14,0,11-02-21 13:23,CAM2P.4,1.0,[1083296280],1.0,26,36,233,153,611,-999,10,299,80,5,80,85,0.585,3.757083276,0.500581475,0.509540784,0.824208447,0.385764267,0.366495631,0.62993724,0.427047548,0.654187896,2.345233124,2.32023726,0.094716084,1.655038512,0.016358405
1084412566,1084385630.0,[1081683701],549976,GCaMP6f,Sst-IRES-Cre/wt;Ai148(TIT2L-GC6f-ICL-tTA2)/wt,['Sst-IRES-Cre'],Sst-IRES-Cre,Ai148(TIT2L-GC6f-ICL-tTA2),M,176,,VisualBehavior,OPHYS_3_images_A,3,images_A,active_behavior,Familiar,1,17,3,17-02-21 10:37,CAM2P.4,1.0,[1084795752],1.0,26,32,219,150,654,-999,6,178,69,5,69,74,0.508,3.07425104,0.471446055,0.476012721,0.744093901,0.332550285,0.369386457,0.630441994,0.459884327,0.313793465,1.321681074,0.908457869,0.095761061,1.733749025,0.033695771
1084914230,1084882685.0,[1081683701],549976,GCaMP6f,Sst-IRES-Cre/wt;Ai148(TIT2L-GC6f-ICL-tTA2)/wt,['Sst-IRES-Cre'],Sst-IRES-Cre,Ai148(TIT2L-GC6f-ICL-tTA2),M,177,,VisualBehavior,OPHYS_4_images_B,4,images_B,active_behavior,Novel 1,0,0,4,18-02-21 10:38,CAM2P.4,1.0,[1085000574],1.0,27,32,223,155,653,-999,5,217,68,5,68,73,0.501,3.938308483,0.453816197,0.451124842,0.824390267,0.247436108,0.250691819,0.467534913,0.515265531,1.012993812,1.34559899,1.34559899,0.121675409,1.827005596,0.010762036
1085690095,1085675084.0,[1081683701],549976,GCaMP6f,Sst-IRES-Cre/wt;Ai148(TIT2L-GC6f-ICL-tTA2)/wt,['Sst-IRES-Cre'],Sst-IRES-Cre,Ai148(TIT2L-GC6f-ICL-tTA2),M,181,,VisualBehavior,OPHYS_6_images_B,6,images_B,active_behavior,Novel >1,0,2,6,22-02-21 10:42,CAM2P.4,1.0,[1085816655],1.0,7,16,115,32,894,-999,9,169,83,5,83,88,0.606,3.888252768,0.83653018,0.847709448,0.794693921,0.713603973,0.769326262,0.645817199,0.38963487,0.436569501,1.465233793,0.826596196,0.260644068,1.731297888,0.022861
1085981495,1085943021.0,[1081683701],549976,GCaMP6f,Sst-IRES-Cre/wt;Ai148(TIT2L-GC6f-ICL-tTA2)/wt,['Sst-IRES-Cre'],Sst-IRES-Cre,Ai148(TIT2L-GC6f-ICL-tTA2),M,182,,VisualBehavior,OPHYS_6_images_B,6,images_B,active_behavior,Novel >1,1,3,7,23-02-21 12:38,CAM2P.4,1.0,[1086048031],1.0,11,16,115,16,900,-999,5,195,99,5,99,104,0.718,4.166775834,0.877190874,0.895188336,0.863666797,0.349939628,0.34230604,0.34922282,1.595549367,1.503630013,2.508404386,2.319343377,0.152123578,1.733675023,0.019937346
