timestamps,cell_specimen_id,dff,session_type,behavior_session_id,cre_line,pupil_area,speed
308.37888,1086489601,-0.02921873,OPHYS_6_images_B,788017709,Slc17a7-IRES2-Cre,3255.0005,-0.43092895
308.4112,1086489601,-0.039527852,OPHYS_6_images_B,788017709,Slc17a7-IRES2-Cre,3111.2312,-0.39001444
308.44348,1086489601,-0.061775427,OPHYS_6_images_B,788017709,Slc17a7-IRES2-Cre,3087.174,-0.17471614
308.4758,1086489601,0.010755017,OPHYS_6_images_B,788017709,Slc17a7-IRES2-Cre,2889.4614,0.12459036
308.5081,1086489601,0.011281774,OPHYS_6_images_B,788017709,Slc17a7-IRES2-Cre,2954.6528,0.38190794
308.5404,1086489601,0.0685998,OPHYS_6_images_B,788017709,Slc17a7-IRES2-Cre,2953.883,0.5033368
308.5727,1086489601,0.11748062,OPHYS_6_images_B,788017709,Slc17a7-IRES2-Cre,3036.2952,0.41320089
308.605,1086489601,0.044847954,OPHYS_6_images_B,788017709,Slc17a7-IRES2-Cre,2925.4646,0.13795114
308.6373,1086489601,0.07899891,OPHYS_6_images_B,788017709,Slc17a7-IRES2-Cre,2890.74,-0.16009125
308.66962,1086489601,0.030070398,OPHYS_6_images_B,788017709,Slc17a7-IRES2-Cre,2739.597,-0.29576144
308.70193,1086489601,-0.0569607,OPHYS_6_images_B,788017709,Slc17a7-IRES2-Cre,2631.6853,-0.22911732
308.73422,1086489601,0.10437552,OPHYS_6_images_B,788017709,Slc17a7-IRES2-Cre,2696.0935,-0.058231797
308.7665,1086489601,0.0011851594,OPHYS_6_images_B,788017709,Slc17a7-IRES2-Cre,2735.229,0.078544974
308.79883,1086489601,0.04887461,OPHYS_6_images_B,788017709,Slc17a7-IRES2-Cre,2846.1602,0.08198382
308.83112,1086489601,0.15115361,OPHYS_6_images_B,788017709,Slc17a7-IRES2-Cre,2961.471,-0.039377242
308.86343,1086489601,0.022287024,OPHYS_6_images_B,788017709,Slc17a7-IRES2-Cre,2940.847,-0.15949023
308.89575,1086489601,0.017582042,OPHYS_6_images_B,788017709,Slc17a7-IRES2-Cre,2919.4282,-0.1530297
308.92804,1086489601,-0.021440579,OPHYS_6_images_B,788017709,Slc17a7-IRES2-Cre,3204.2234,-0.016893182
308.96036,1086489601,0.059711475,OPHYS_6_images_B,788017709,Slc17a7-IRES2-Cre,3314.5146,0.13658756
308.99265,1086489601,0.005769617,OPHYS_6_images_B,788017709,Slc17a7-IRES2-Cre,3245.0698,0.19921291
309.02496,1086489601,0.033456948,OPHYS_6_images_B,788017709,Slc17a7-IRES2-Cre,3486.2024,0.17160018
309.05725,1086489601,0.0121238725,OPHYS_6_images_B,788017709,Slc17a7-IRES2-Cre,3492.1423,0.09562959
309.08957,1086489601,-0.0076649007,OPHYS_6_images_B,788017709,Slc17a7-IRES2-Cre,3545.8843,-0.008967194
309.12186,1086489601,0.022069525,OPHYS_6_images_B,788017709,Slc17a7-IRES2-Cre,3606.2842,-0.10841619
309.15417,1086489601,0.07543042,OPHYS_6_images_B,788017709,Slc17a7-IRES2-Cre,3460.6843,-0.15775056
309.18646,1086489601,0.056721658,OPHYS_6_images_B,788017709,Slc17a7-IRES2-Cre,3582.9187,-0.104323
309.21878,1086489601,0.08089396,OPHYS_6_images_B,788017709,Slc17a7-IRES2-Cre,3415.855,0.03270661
309.25107,1086489601,-0.025142165,OPHYS_6_images_B,788017709,Slc17a7-IRES2-Cre,3503.6135,0.11492369
309.2834,1086489601,0.041123785,OPHYS_6_images_B,788017709,Slc17a7-IRES2-Cre,3309.9753,0.04309971
309.3157,1086489601,-0.056275614,OPHYS_6_images_B,788017709,Slc17a7-IRES2-Cre,3167.4602,-0.10670302
309.348,1086489601,-0.09516392,OPHYS_6_images_B,788017709,Slc17a7-IRES2-Cre,3565.5288,-0.17623957
309.3803,1086489601,0.030717593,OPHYS_6_images_B,788017709,Slc17a7-IRES2-Cre,3548.1865,-0.10097293
309.4126,1086489601,-0.06451836,OPHYS_6_images_B,788017709,Slc17a7-IRES2-Cre,3696.12,0.03357638
309.4449,1086489601,0.032858886,OPHYS_6_images_B,788017709,Slc17a7-IRES2-Cre,3612.0896,0.108281836
309.4772,1086489601,0.015739188,OPHYS_6_images_B,788017709,Slc17a7-IRES2-Cre,3413.312,0.086492576
309.50952,1086489601,-0.06478807,OPHYS_6_images_B,788017709,Slc17a7-IRES2-Cre,3589.1145,0.0221763
309.5418,1086489601,-0.1011191,OPHYS_6_images_B,788017709,Slc17a7-IRES2-Cre,3728.5242,-0.0054214657
309.57413,1086489601,-0.00419741,OPHYS_6_images_B,788017709,Slc17a7-IRES2-Cre,3658.9026,0.04366552
309.6064,1086489601,-0.0011851594,OPHYS_6_images_B,788017709,Slc17a7-IRES2-Cre,3502.7822,0.14106171
309.63873,1086489601,0.042357188,OPHYS_6_images_B,788017709,Slc17a7-IRES2-Cre,3431.6887,0.22783558
309.67102,1086489601,-0.023651542,OPHYS_6_images_B,788017709,Slc17a7-IRES2-Cre,3658.6387,0.25932953
309.70334,1086489601,0.008365328,OPHYS_6_images_B,788017709,Slc17a7-IRES2-Cre,3747.8726,0.23495695
309.73563,1086489601,0.035439696,OPHYS_6_images_B,788017709,Slc17a7-IRES2-Cre,3773.961,0.17416675
309.76794,1086489601,0.06579776,OPHYS_6_images_B,788017709,Slc17a7-IRES2-Cre,3843.3967,0.090103135
309.80026,1086489601,0.024035865,OPHYS_6_images_B,788017709,Slc17a7-IRES2-Cre,3842.2842,-0.005165687
309.83255,1086489601,-0.02015493,OPHYS_6_images_B,788017709,Slc17a7-IRES2-Cre,3761.3948,-0.09767739
309.86484,1086489601,-0.0747295,OPHYS_6_images_B,788017709,Slc17a7-IRES2-Cre,3648.8923,-0.17266265
309.89716,1086489601,-0.021411616,OPHYS_6_images_B,788017709,Slc17a7-IRES2-Cre,3780.8914,-0.2214857
309.92947,1086489601,-0.01979062,OPHYS_6_images_B,788017709,Slc17a7-IRES2-Cre,3855.5178,-0.22817585
309.96176,1086489601,-0.029722618,OPHYS_6_images_B,788017709,Slc17a7-IRES2-Cre,3955.4158,-0.16247661
309.99408,1086489601,0.017812649,OPHYS_6_images_B,788017709,Slc17a7-IRES2-Cre,4194.682,-0.038863614
310.02637,1086489601,-0.03895059,OPHYS_6_images_B,788017709,Slc17a7-IRES2-Cre,3730.1965,0.08316612
310.0587,1086489601,0.114850536,OPHYS_6_images_B,788017709,Slc17a7-IRES2-Cre,3613.2876,0.16158816
310.09097,1086489601,0.0382671,OPHYS_6_images_B,788017709,Slc17a7-IRES2-Cre,3736.721,0.15121575
310.1233,1086489601,-0.058769517,OPHYS_6_images_B,788017709,Slc17a7-IRES2-Cre,3673.6838,0.016641518
310.15558,1086489601,0.04477918,OPHYS_6_images_B,788017709,Slc17a7-IRES2-Cre,3653.7502,-0.19814
310.1879,1086489601,-0.008801155,OPHYS_6_images_B,788017709,Slc17a7-IRES2-Cre,3706.8,-0.35755304
310.2202,1086489601,-0.057121374,OPHYS_6_images_B,788017709,Slc17a7-IRES2-Cre,3528.4065,-0.31301504
310.2525,1086489601,-0.11625492,OPHYS_6_images_B,788017709,Slc17a7-IRES2-Cre,3599.7354,-0.055239554
310.2848,1086489601,-0.06197638,OPHYS_6_images_B,788017709,Slc17a7-IRES2-Cre,4054.627,0.2555702
310.3171,1086489601,-0.01425174,OPHYS_6_images_B,788017709,Slc17a7-IRES2-Cre,4074.4375,0.4476276
310.3494,1086489601,-0.11711805,OPHYS_6_images_B,788017709,Slc17a7-IRES2-Cre,4216.396,0.45874363
310.3817,1086489601,-0.061835118,OPHYS_6_images_B,788017709,Slc17a7-IRES2-Cre,3861.893,0.32231438
310.41403,1086489601,0.12578718,OPHYS_6_images_B,788017709,Slc17a7-IRES2-Cre,3886.9414,0.09796732
310.44632,1086489601,0.05945247,OPHYS_6_images_B,788017709,Slc17a7-IRES2-Cre,3743.2102,-0.1694802
310.47864,1086489601,-0.17516358,OPHYS_6_images_B,788017709,Slc17a7-IRES2-Cre,3945.732,-0.4299869
310.51093,1086489601,0.015675997,OPHYS_6_images_B,788017709,Slc17a7-IRES2-Cre,4046.123,-0.60066015
310.54324,1086489601,-0.12676154,OPHYS_6_images_B,788017709,Slc17a7-IRES2-Cre,4076.3428,-0.5890528
310.57553,1086489601,-0.08706798,OPHYS_6_images_B,788017709,Slc17a7-IRES2-Cre,3784.8728,-0.37359834
310.60785,1086489601,-0.18212277,OPHYS_6_images_B,788017709,Slc17a7-IRES2-Cre,3550.335,-0.049160413
310.64014,1086489601,-0.04261654,OPHYS_6_images_B,788017709,Slc17a7-IRES2-Cre,3546.143,0.24117544
310.67245,1086489601,0.042744108,OPHYS_6_images_B,788017709,Slc17a7-IRES2-Cre,3486.9607,0.4138542
310.70474,1086489601,-0.005455135,OPHYS_6_images_B,788017709,Slc17a7-IRES2-Cre,3583.487,0.46152225
310.73706,1086489601,0.03064052,OPHYS_6_images_B,788017709,Slc17a7-IRES2-Cre,4011.8928,0.39027524
310.76935,1086489601,-0.08088871,OPHYS_6_images_B,788017709,Slc17a7-IRES2-Cre,4005.623,0.20202976
310.80167,1086489601,0.04674684,OPHYS_6_images_B,788017709,Slc17a7-IRES2-Cre,3730.47,-0.059917625
310.83398,1086489601,0.15669906,OPHYS_6_images_B,788017709,Slc17a7-IRES2-Cre,3701.7957,-0.29128727
310.86627,1086489601,-0.041791134,OPHYS_6_images_B,788017709,Slc17a7-IRES2-Cre,3674.169,-0.38039964
310.8986,1086489601,0.03558898,OPHYS_6_images_B,788017709,Slc17a7-IRES2-Cre,3746.4353,-0.29405445
310.93088,1086489601,0.09313777,OPHYS_6_images_B,788017709,Slc17a7-IRES2-Cre,3786.6245,-0.09057976
310.9632,1086489601,0.060583703,OPHYS_6_images_B,788017709,Slc17a7-IRES2-Cre,3613.9622,0.08691318
310.99548,1086489601,0.023958536,OPHYS_6_images_B,788017709,Slc17a7-IRES2-Cre,3598.1643,0.111731544
311.0278,1086489601,-0.05006257,OPHYS_6_images_B,788017709,Slc17a7-IRES2-Cre,3601.3076,-0.010749697
311.0601,1086489601,-0.087054625,OPHYS_6_images_B,788017709,Slc17a7-IRES2-Cre,3531.4358,-0.17711823
311.0924,1086489601,0.067780405,OPHYS_6_images_B,788017709,Slc17a7-IRES2-Cre,3244.0217,-0.25476125
311.1247,1086489601,0.052838992,OPHYS_6_images_B,788017709,Slc17a7-IRES2-Cre,3639.8943,-0.1414642
311.157,1086489601,-0.10823496,OPHYS_6_images_B,788017709,Slc17a7-IRES2-Cre,3644.6292,0.13361026
311.1893,1086489601,-0.09126312,OPHYS_6_images_B,788017709,Slc17a7-IRES2-Cre,3543.4058,0.41473544
311.22162,1086489601,-0.025646368,OPHYS_6_images_B,788017709,Slc17a7-IRES2-Cre,3989.1257,0.5432807
311.2539,1086489601,-0.05845029,OPHYS_6_images_B,788017709,Slc17a7-IRES2-Cre,4170.086,0.46872342
311.28622,1086489601,-0.002747044,OPHYS_6_images_B,788017709,Slc17a7-IRES2-Cre,3813.5657,0.24269585
311.31854,1086489601,-0.03822423,OPHYS_6_images_B,788017709,Slc17a7-IRES2-Cre,3724.0503,-0.040230557
311.35083,1086489601,-0.023550995,OPHYS_6_images_B,788017709,Slc17a7-IRES2-Cre,3389.154,-0.28962013
311.38315,1086489601,-0.044239707,OPHYS_6_images_B,788017709,Slc17a7-IRES2-Cre,3589.4536,-0.4170779
311.41544,1086489601,-0.02051215,OPHYS_6_images_B,788017709,Slc17a7-IRES2-Cre,3454.5151,-0.35455903
311.44775,1086489601,-0.13847265,OPHYS_6_images_B,788017709,Slc17a7-IRES2-Cre,3800.6428,-0.13180041
311.48004,1086489601,-0.13377365,OPHYS_6_images_B,788017709,Slc17a7-IRES2-Cre,3986.6824,0.08419436
311.51236,1086489601,-0.13155517,OPHYS_6_images_B,788017709,Slc17a7-IRES2-Cre,3656.555,0.1364132
311.54465,1086489601,0.09427678,OPHYS_6_images_B,788017709,Slc17a7-IRES2-Cre,3566.2146,0.03962823
311.57697,1086489601,0.019730685,OPHYS_6_images_B,788017709,Slc17a7-IRES2-Cre,3489.441,-0.073139295
311.60925,1086489601,0.071458,OPHYS_6_images_B,788017709,Slc17a7-IRES2-Cre,3678.5024,-0.116179794
311.64157,1086489601,0.02628648,OPHYS_6_images_B,788017709,Slc17a7-IRES2-Cre,3584.5825,-0.11830159
311.67386,1086489601,0.10762106,OPHYS_6_images_B,788017709,Slc17a7-IRES2-Cre,3609.398,-0.14482057
311.70618,1086489601,0.05730169,OPHYS_6_images_B,788017709,Slc17a7-IRES2-Cre,3595.5125,-0.16442615
311.7385,1086489601,0.058872655,OPHYS_6_images_B,788017709,Slc17a7-IRES2-Cre,3615.5308,-0.098699525
311.77078,1086489601,0.17335165,OPHYS_6_images_B,788017709,Slc17a7-IRES2-Cre,3558.285,0.057760764
311.8031,1086489601,0.0035318367,OPHYS_6_images_B,788017709,Slc17a7-IRES2-Cre,3678.8616,0.2424812
311.8354,1086489601,0.05084924,OPHYS_6_images_B,788017709,Slc17a7-IRES2-Cre,3830.5835,0.3623982
311.86768,1086489601,-0.14775589,OPHYS_6_images_B,788017709,Slc17a7-IRES2-Cre,3773.4468,0.34518966
311.9,1086489601,-0.025915563,OPHYS_6_images_B,788017709,Slc17a7-IRES2-Cre,3633.5344,0.20465903
311.9323,1086489601,-0.053564064,OPHYS_6_images_B,788017709,Slc17a7-IRES2-Cre,3639.151,0.034353342
311.9646,1086489601,0.01989408,OPHYS_6_images_B,788017709,Slc17a7-IRES2-Cre,4034.3567,-0.0782331
311.99692,1086489601,0.026215177,OPHYS_6_images_B,788017709,Slc17a7-IRES2-Cre,4138.224,-0.102950774
312.0292,1086489601,-0.11457303,OPHYS_6_images_B,788017709,Slc17a7-IRES2-Cre,3749.634,-0.06481783
312.06152,1086489601,0.012743864,OPHYS_6_images_B,788017709,Slc17a7-IRES2-Cre,3884.8843,-0.017370995
312.0938,1086489601,-0.047269046,OPHYS_6_images_B,788017709,Slc17a7-IRES2-Cre,3780.0825,-0.011843139
312.12613,1086489601,0.033359773,OPHYS_6_images_B,788017709,Slc17a7-IRES2-Cre,4053.6794,-0.048979376
312.15842,1086489601,-0.051466286,OPHYS_6_images_B,788017709,Slc17a7-IRES2-Cre,3798.3901,-0.056879405
312.19073,1086489601,-0.025649186,OPHYS_6_images_B,788017709,Slc17a7-IRES2-Cre,3679.2458,0.029574119
312.22305,1086489601,0.09442348,OPHYS_6_images_B,788017709,Slc17a7-IRES2-Cre,3845.0117,0.14866883
312.25534,1086489601,0.016578412,OPHYS_6_images_B,788017709,Slc17a7-IRES2-Cre,3863.1423,0.1580316
312.28763,1086489601,0.047850277,OPHYS_6_images_B,788017709,Slc17a7-IRES2-Cre,3885.7048,0.012569178
312.31995,1086489601,-0.039400507,OPHYS_6_images_B,788017709,Slc17a7-IRES2-Cre,4719.652,-0.1984037
312.35226,1086489601,-0.048346497,OPHYS_6_images_B,788017709,Slc17a7-IRES2-Cre,4052.749,-0.3301675
312.38455,1086489601,0,OPHYS_6_images_B,788017709,Slc17a7-IRES2-Cre,3679.0464,-0.29759252
312.41687,1086489601,-0.041951496,OPHYS_6_images_B,788017709,Slc17a7-IRES2-Cre,3940.3215,-0.13345498
312.44916,1086489601,-0.047364324,OPHYS_6_images_B,788017709,Slc17a7-IRES2-Cre,4283.936,0.044240817
312.48148,1086489601,0.035512224,OPHYS_6_images_B,788017709,Slc17a7-IRES2-Cre,4321.6147,0.09745229
312.51376,1086489601,0.019147495,OPHYS_6_images_B,788017709,Slc17a7-IRES2-Cre,4032.0369,-0.014076832
312.54608,1086489601,0.047093242,OPHYS_6_images_B,788017709,Slc17a7-IRES2-Cre,4332.093,-0.17821516
312.57837,1086489601,-0.0145186875,OPHYS_6_images_B,788017709,Slc17a7-IRES2-Cre,3885.6333,-0.23326235
312.6107,1086489601,-0.014346718,OPHYS_6_images_B,788017709,Slc17a7-IRES2-Cre,3997.7607,-0.12960641
312.64297,1086489601,-0.1647294,OPHYS_6_images_B,788017709,Slc17a7-IRES2-Cre,4038.8901,0.032786075
312.6753,1086489601,-0.12283428,OPHYS_6_images_B,788017709,Slc17a7-IRES2-Cre,4150.0933,0.13632168
312.70758,1086489601,0.013112801,OPHYS_6_images_B,788017709,Slc17a7-IRES2-Cre,4087.3892,0.16592167
312.7399,1086489601,-0.1209576,OPHYS_6_images_B,788017709,Slc17a7-IRES2-Cre,4121.2324,0.14198893
312.7722,1086489601,-0.08265806,OPHYS_6_images_B,788017709,Slc17a7-IRES2-Cre,4070.8157,0.062038314
312.8045,1086489601,-0.003719043,OPHYS_6_images_B,788017709,Slc17a7-IRES2-Cre,4090.575,-0.031424917
312.83682,1086489601,0.09435648,OPHYS_6_images_B,788017709,Slc17a7-IRES2-Cre,4234.348,-0.06087535
312.8691,1086489601,0.03762399,OPHYS_6_images_B,788017709,Slc17a7-IRES2-Cre,4348.5063,-0.012073412
312.90143,1086489601,0.057698216,OPHYS_6_images_B,788017709,Slc17a7-IRES2-Cre,4152.0894,0.060772233
312.93372,1086489601,-0.025920525,OPHYS_6_images_B,788017709,Slc17a7-IRES2-Cre,4013.15,0.13723204
312.96603,1086489601,0.064192,OPHYS_6_images_B,788017709,Slc17a7-IRES2-Cre,4037.0938,0.23297773
312.99832,1086489601,0.13873346,OPHYS_6_images_B,788017709,Slc17a7-IRES2-Cre,4001.264,0.3031487
313.03064,1086489601,0.17407192,OPHYS_6_images_B,788017709,Slc17a7-IRES2-Cre,4063.5657,0.27511513
313.06293,1086489601,-0.05916098,OPHYS_6_images_B,788017709,Slc17a7-IRES2-Cre,4081.6829,0.13629933
313.09525,1086489601,-0.04205405,OPHYS_6_images_B,788017709,Slc17a7-IRES2-Cre,4181.922,-0.037826292
313.12753,1086489601,-0.002893913,OPHYS_6_images_B,788017709,Slc17a7-IRES2-Cre,4114.501,-0.13782014
313.15985,1086489601,-0.024249613,OPHYS_6_images_B,788017709,Slc17a7-IRES2-Cre,4071.0693,-0.11158456
313.19214,1086489601,0.05790209,OPHYS_6_images_B,788017709,Slc17a7-IRES2-Cre,3875.8093,-0.01910229
313.22446,1086489601,-0.036781136,OPHYS_6_images_B,788017709,Slc17a7-IRES2-Cre,3873.0513,0.039288636
313.25677,1086489601,0.038056504,OPHYS_6_images_B,788017709,Slc17a7-IRES2-Cre,3921.397,0.04657745
313.28906,1086489601,0.09857852,OPHYS_6_images_B,788017709,Slc17a7-IRES2-Cre,4490.734,0.056123946
313.32138,1086489601,0.08369426,OPHYS_6_images_B,788017709,Slc17a7-IRES2-Cre,4016.0222,0.07759086
313.35367,1086489601,0.015940266,OPHYS_6_images_B,788017709,Slc17a7-IRES2-Cre,3720.0776,0.06464334
313.386,1086489601,-0.0125879245,OPHYS_6_images_B,788017709,Slc17a7-IRES2-Cre,3768.518,-0.01221925
313.41827,1086489601,-0.029765164,OPHYS_6_images_B,788017709,Slc17a7-IRES2-Cre,3951.5107,-0.16476731
313.4506,1086489601,0.083214015,OPHYS_6_images_B,788017709,Slc17a7-IRES2-Cre,3704.1646,-0.3742204
313.48288,1086489601,-0.061639175,OPHYS_6_images_B,788017709,Slc17a7-IRES2-Cre,3847.2673,-0.54297984
313.5152,1086489601,-0.102676235,OPHYS_6_images_B,788017709,Slc17a7-IRES2-Cre,3902.0256,-0.5475628
313.5475,1086489601,0.03958706,OPHYS_6_images_B,788017709,Slc17a7-IRES2-Cre,3613.4648,-0.35082296
313.5798,1086489601,-0.12448646,OPHYS_6_images_B,788017709,Slc17a7-IRES2-Cre,3861.7278,-0.024129402
313.6121,1086489601,-0.009766861,OPHYS_6_images_B,788017709,Slc17a7-IRES2-Cre,3778.4978,0.3107994
313.6444,1086489601,0.11027175,OPHYS_6_images_B,788017709,Slc17a7-IRES2-Cre,3909.347,0.5368759
313.6767,1086489601,0.059817925,OPHYS_6_images_B,788017709,Slc17a7-IRES2-Cre,4028.9602,0.5603198
313.709,1086489601,-0.037910048,OPHYS_6_images_B,788017709,Slc17a7-IRES2-Cre,4006.4744,0.37228915
313.74133,1086489601,0.009286207,OPHYS_6_images_B,788017709,Slc17a7-IRES2-Cre,3872.1426,0.098527774
313.77362,1086489601,0.14007786,OPHYS_6_images_B,788017709,Slc17a7-IRES2-Cre,3696.4421,-0.09459074
313.80594,1086489601,0.12455175,OPHYS_6_images_B,788017709,Slc17a7-IRES2-Cre,3682.9863,-0.169395
313.83823,1086489601,0.088533446,OPHYS_6_images_B,788017709,Slc17a7-IRES2-Cre,3738.5566,-0.2147609
313.87054,1086489601,0.22672215,OPHYS_6_images_B,788017709,Slc17a7-IRES2-Cre,4053.282,-0.26482627
313.90283,1086489601,0.009659266,OPHYS_6_images_B,788017709,Slc17a7-IRES2-Cre,3985.6248,-0.23306638
313.93515,1086489601,0.049933027,OPHYS_6_images_B,788017709,Slc17a7-IRES2-Cre,3835.3066,-0.071146935
313.96744,1086489601,0.030393286,OPHYS_6_images_B,788017709,Slc17a7-IRES2-Cre,3925.533,0.12499424
313.99976,1086489601,0.14554708,OPHYS_6_images_B,788017709,Slc17a7-IRES2-Cre,3796.0532,0.21098189
314.03204,1086489601,0.07533927,OPHYS_6_images_B,788017709,Slc17a7-IRES2-Cre,3501.5837,0.1508649
314.06436,1086489601,0.12064506,OPHYS_6_images_B,788017709,Slc17a7-IRES2-Cre,3359.6497,0.014398299
314.09665,1086489601,0.0140793,OPHYS_6_images_B,788017709,Slc17a7-IRES2-Cre,3377.4695,-0.12412513
314.12897,1086489601,-0.075704664,OPHYS_6_images_B,788017709,Slc17a7-IRES2-Cre,3375.1333,-0.19072852
314.16125,1086489601,-0.08673656,OPHYS_6_images_B,788017709,Slc17a7-IRES2-Cre,3521.393,-0.14255953
314.19357,1086489601,-0.054016374,OPHYS_6_images_B,788017709,Slc17a7-IRES2-Cre,3325.083,-0.015009131
314.2259,1086489601,-0.035298523,OPHYS_6_images_B,788017709,Slc17a7-IRES2-Cre,3461.8677,0.12487522
314.25818,1086489601,-0.055458274,OPHYS_6_images_B,788017709,Slc17a7-IRES2-Cre,3660.785,0.20818308
314.29047,1086489601,-0.05469851,OPHYS_6_images_B,788017709,Slc17a7-IRES2-Cre,3555.299,0.1923357
314.32278,1086489601,-0.0015999785,OPHYS_6_images_B,788017709,Slc17a7-IRES2-Cre,3464.2021,0.069381036
314.3551,1086489601,0.05601509,OPHYS_6_images_B,788017709,Slc17a7-IRES2-Cre,3340.2705,-0.13069335
314.3874,1086489601,-0.010823891,OPHYS_6_images_B,788017709,Slc17a7-IRES2-Cre,3413.9087,-0.32867783
314.4197,1086489601,0.071423724,OPHYS_6_images_B,788017709,Slc17a7-IRES2-Cre,3634.6057,-0.41180423
314.452,1086489601,-0.014742594,OPHYS_6_images_B,788017709,Slc17a7-IRES2-Cre,3431.0095,-0.30195796
314.4843,1086489601,0.0081398245,OPHYS_6_images_B,788017709,Slc17a7-IRES2-Cre,3651.257,-0.04301574
314.5166,1086489601,-0.012737292,OPHYS_6_images_B,788017709,Slc17a7-IRES2-Cre,3622.16,0.24809965
314.54892,1086489601,-0.04029228,OPHYS_6_images_B,788017709,Slc17a7-IRES2-Cre,3580.391,0.4678312
314.5812,1086489601,-0.040771797,OPHYS_6_images_B,788017709,Slc17a7-IRES2-Cre,3631.0254,0.53278935
314.61353,1086489601,-0.021268817,OPHYS_6_images_B,788017709,Slc17a7-IRES2-Cre,3674.5574,0.4082692
314.64584,1086489601,-0.077681586,OPHYS_6_images_B,788017709,Slc17a7-IRES2-Cre,3712.0972,0.16373996
314.67813,1086489601,-0.07324412,OPHYS_6_images_B,788017709,Slc17a7-IRES2-Cre,3667.3145,-0.07391897
314.71042,1086489601,-0.16704747,OPHYS_6_images_B,788017709,Slc17a7-IRES2-Cre,3561.0757,-0.20979203
314.74274,1086489601,-0.07036143,OPHYS_6_images_B,788017709,Slc17a7-IRES2-Cre,3563.726,-0.23366521
314.77505,1086489601,0.080345824,OPHYS_6_images_B,788017709,Slc17a7-IRES2-Cre,3466.7073,-0.19037545
314.80734,1086489601,0.07544002,OPHYS_6_images_B,788017709,Slc17a7-IRES2-Cre,3597.3123,-0.11015441
314.83966,1086489601,0.055774014,OPHYS_6_images_B,788017709,Slc17a7-IRES2-Cre,3545.46,-0.009264299
314.87195,1086489601,-0.007001296,OPHYS_6_images_B,788017709,Slc17a7-IRES2-Cre,3532.5144,0.08633565
314.90427,1086489601,-0.00528249,OPHYS_6_images_B,788017709,Slc17a7-IRES2-Cre,3448.33,0.12271996
314.93655,1086489601,0.049129777,OPHYS_6_images_B,788017709,Slc17a7-IRES2-Cre,3568.666,0.05318766
314.96887,1086489601,-0.064652525,OPHYS_6_images_B,788017709,Slc17a7-IRES2-Cre,3640.452,-0.079302855
315.00116,1086489601,0.0740758,OPHYS_6_images_B,788017709,Slc17a7-IRES2-Cre,3483.3606,-0.18803895
315.03348,1086489601,-0.042679455,OPHYS_6_images_B,788017709,Slc17a7-IRES2-Cre,3440.0483,-0.24421561
315.06577,1086489601,-0.05181225,OPHYS_6_images_B,788017709,Slc17a7-IRES2-Cre,3391.094,-0.24066871
315.09808,1086489601,-0.09921967,OPHYS_6_images_B,788017709,Slc17a7-IRES2-Cre,3192.01,-0.15728278
315.1304,1086489601,-0.05732896,OPHYS_6_images_B,788017709,Slc17a7-IRES2-Cre,3227.3145,-0.027852587
315.1627,1086489601,0.04517556,OPHYS_6_images_B,788017709,Slc17a7-IRES2-Cre,3222.5256,0.07764248
315.19498,1086489601,0.019191142,OPHYS_6_images_B,788017709,Slc17a7-IRES2-Cre,2878.2603,0.12365497
315.2273,1086489601,-0.06150482,OPHYS_6_images_B,788017709,Slc17a7-IRES2-Cre,2746.877,0.14920798
315.2596,1086489601,0.083584435,OPHYS_6_images_B,788017709,Slc17a7-IRES2-Cre,2808.7905,0.21417557
315.2919,1086489601,0.028437747,OPHYS_6_images_B,788017709,Slc17a7-IRES2-Cre,2867.1807,0.28291908
315.32422,1086489601,-0.06575001,OPHYS_6_images_B,788017709,Slc17a7-IRES2-Cre,3046.8296,0.28351942
315.3565,1086489601,0.0020832494,OPHYS_6_images_B,788017709,Slc17a7-IRES2-Cre,3095.7441,0.2133953
315.38882,1086489601,0.02169707,OPHYS_6_images_B,788017709,Slc17a7-IRES2-Cre,2939.0525,0.11458468
315.4211,1086489601,0.042139918,OPHYS_6_images_B,788017709,Slc17a7-IRES2-Cre,2820.6338,0.015567414
315.45343,1086489601,-0.010030847,OPHYS_6_images_B,788017709,Slc17a7-IRES2-Cre,2999.161,-0.07963956
315.48572,1086489601,-0.056038715,OPHYS_6_images_B,788017709,Slc17a7-IRES2-Cre,3117.5403,-0.168387
315.51804,1086489601,0.026030464,OPHYS_6_images_B,788017709,Slc17a7-IRES2-Cre,2966.2517,-0.2407368
315.55035,1086489601,-0.07177771,OPHYS_6_images_B,788017709,Slc17a7-IRES2-Cre,3028.3542,-0.2619882
315.58264,1086489601,-0.042357042,OPHYS_6_images_B,788017709,Slc17a7-IRES2-Cre,2883.354,-0.17976667
315.61493,1086489601,0.1102011,OPHYS_6_images_B,788017709,Slc17a7-IRES2-Cre,2857.223,0.020976657
315.64725,1086489601,0.026019275,OPHYS_6_images_B,788017709,Slc17a7-IRES2-Cre,2676.7957,0.2526316
315.67953,1086489601,-0.0037136748,OPHYS_6_images_B,788017709,Slc17a7-IRES2-Cre,2919.371,0.34361097
315.71185,1086489601,-0.0025241876,OPHYS_6_images_B,788017709,Slc17a7-IRES2-Cre,2840.7788,0.19077995
315.74417,1086489601,-0.043701988,OPHYS_6_images_B,788017709,Slc17a7-IRES2-Cre,3181.0706,-0.14408332
315.77646,1086489601,0.057134707,OPHYS_6_images_B,788017709,Slc17a7-IRES2-Cre,3456.7363,-0.4853644
315.80878,1086489601,0.031162495,OPHYS_6_images_B,788017709,Slc17a7-IRES2-Cre,3603.3987,-0.64316356
315.84106,1086489601,0.035096392,OPHYS_6_images_B,788017709,Slc17a7-IRES2-Cre,3833.8792,-0.5319032
315.87338,1086489601,0.027859738,OPHYS_6_images_B,788017709,Slc17a7-IRES2-Cre,3573.0227,-0.20786378
315.90567,1086489601,-0.02552063,OPHYS_6_images_B,788017709,Slc17a7-IRES2-Cre,3438.412,0.18542412
315.938,1086489601,-0.11741215,OPHYS_6_images_B,788017709,Slc17a7-IRES2-Cre,3433.1086,0.503669
315.97028,1086489601,-0.00878184,OPHYS_6_images_B,788017709,Slc17a7-IRES2-Cre,3398.329,0.61192685
316.0026,1086489601,0.09555859,OPHYS_6_images_B,788017709,Slc17a7-IRES2-Cre,3431.1228,0.44764212
316.03488,1086489601,0.10229507,OPHYS_6_images_B,788017709,Slc17a7-IRES2-Cre,3407.3982,0.08730501
316.0672,1086489601,0.122046866,OPHYS_6_images_B,788017709,Slc17a7-IRES2-Cre,3285.02,-0.29546922
316.0995,1086489601,0.010215013,OPHYS_6_images_B,788017709,Slc17a7-IRES2-Cre,3203.3806,-0.54387873
316.1318,1086489601,-0.06571146,OPHYS_6_images_B,788017709,Slc17a7-IRES2-Cre,3052.6245,-0.5866617
316.16412,1086489601,0.1045775,OPHYS_6_images_B,788017709,Slc17a7-IRES2-Cre,2825.5159,-0.44751456
316.1964,1086489601,-0.056789897,OPHYS_6_images_B,788017709,Slc17a7-IRES2-Cre,2772.9612,-0.19961566
316.22873,1086489601,-0.00994201,OPHYS_6_images_B,788017709,Slc17a7-IRES2-Cre,2787.2524,0.104078636
316.26102,1086489601,-0.012386499,OPHYS_6_images_B,788017709,Slc17a7-IRES2-Cre,2796.0479,0.40546837
316.29333,1086489601,-0.06259679,OPHYS_6_images_B,788017709,Slc17a7-IRES2-Cre,2793.6802,0.60994315
316.32562,1086489601,-0.020766135,OPHYS_6_images_B,788017709,Slc17a7-IRES2-Cre,2724.1787,0.6039122
316.35794,1086489601,-0.06505512,OPHYS_6_images_B,788017709,Slc17a7-IRES2-Cre,2702.683,0.36548454
316.39023,1086489601,-0.017943736,OPHYS_6_images_B,788017709,Slc17a7-IRES2-Cre,2605.0762,0.020536633
316.42255,1086489601,0.009817392,OPHYS_6_images_B,788017709,Slc17a7-IRES2-Cre,2717.758,-0.2695519
316.45483,1086489601,-0.014504026,OPHYS_6_images_B,788017709,Slc17a7-IRES2-Cre,2659.6072,-0.39520264
316.48715,1086489601,-0.02385492,OPHYS_6_images_B,788017709,Slc17a7-IRES2-Cre,2937.6064,-0.29539546
316.51944,1086489601,0.031043222,OPHYS_6_images_B,788017709,Slc17a7-IRES2-Cre,2986.9592,-0.0076604392
316.55176,1086489601,0.009144713,OPHYS_6_images_B,788017709,Slc17a7-IRES2-Cre,3089.5525,0.29537818
316.58405,1086489601,-0.12178562,OPHYS_6_images_B,788017709,Slc17a7-IRES2-Cre,3263.3079,0.41967118
316.61636,1086489601,0.043978654,OPHYS_6_images_B,788017709,Slc17a7-IRES2-Cre,3348.8438,0.3164654
316.64868,1086489601,0.017452797,OPHYS_6_images_B,788017709,Slc17a7-IRES2-Cre,3377.4248,0.07546723
316.68097,1086489601,-0.022203634,OPHYS_6_images_B,788017709,Slc17a7-IRES2-Cre,3034.3508,-0.1716143
316.7133,1086489601,0.025931424,OPHYS_6_images_B,788017709,Slc17a7-IRES2-Cre,2947.7834,-0.31853992
316.74557,1086489601,0.15296592,OPHYS_6_images_B,788017709,Slc17a7-IRES2-Cre,3134.7043,-0.30265304
316.7779,1086489601,0.14288592,OPHYS_6_images_B,788017709,Slc17a7-IRES2-Cre,3120.2112,-0.154051
316.81018,1086489601,-0.012393552,OPHYS_6_images_B,788017709,Slc17a7-IRES2-Cre,3028.7842,0.010626501
316.8425,1086489601,0.23211645,OPHYS_6_images_B,788017709,Slc17a7-IRES2-Cre,3005.9377,0.09551526
316.8748,1086489601,0.02688923,OPHYS_6_images_B,788017709,Slc17a7-IRES2-Cre,2960.0964,0.08182646
316.9071,1086489601,0.095740676,OPHYS_6_images_B,788017709,Slc17a7-IRES2-Cre,2975.8723,0.0359019
316.9394,1086489601,0.06573233,OPHYS_6_images_B,788017709,Slc17a7-IRES2-Cre,3261.4868,0.045695346
316.9717,1086489601,0.20192817,OPHYS_6_images_B,788017709,Slc17a7-IRES2-Cre,3258.864,0.13179669
317.004,1086489601,0.10430099,OPHYS_6_images_B,788017709,Slc17a7-IRES2-Cre,3224.3994,0.2034937
317.03632,1086489601,0.04781811,OPHYS_6_images_B,788017709,Slc17a7-IRES2-Cre,3295.5308,0.1297576
317.06863,1086489601,-0.0015715107,OPHYS_6_images_B,788017709,Slc17a7-IRES2-Cre,3264.2085,-0.097965546
317.10092,1086489601,0.004672654,OPHYS_6_images_B,788017709,Slc17a7-IRES2-Cre,3069.2732,-0.3521521
317.13324,1086489601,-0.07328345,OPHYS_6_images_B,788017709,Slc17a7-IRES2-Cre,3097.0764,-0.48118383
317.16553,1086489601,0.0009763959,OPHYS_6_images_B,788017709,Slc17a7-IRES2-Cre,3205.8372,-0.43174013
317.1978,1086489601,-0.04763224,OPHYS_6_images_B,788017709,Slc17a7-IRES2-Cre,3170.6255,-0.28236791
317.23013,1086489601,0.047713526,OPHYS_6_images_B,788017709,Slc17a7-IRES2-Cre,3223.3584,-0.15248156
317.26245,1086489601,0.05645391,OPHYS_6_images_B,788017709,Slc17a7-IRES2-Cre,3200.725,-0.078863494
317.29474,1086489601,-0.076716065,OPHYS_6_images_B,788017709,Slc17a7-IRES2-Cre,3323.548,-0.00010484786
317.32706,1086489601,-0.026129004,OPHYS_6_images_B,788017709,Slc17a7-IRES2-Cre,3310.3828,0.14002748
317.35934,1086489601,0.08553073,OPHYS_6_images_B,788017709,Slc17a7-IRES2-Cre,3182.44,0.30781537
317.39166,1086489601,0.05005308,OPHYS_6_images_B,788017709,Slc17a7-IRES2-Cre,3090.3252,0.40949118
317.42395,1086489601,-0.059473127,OPHYS_6_images_B,788017709,Slc17a7-IRES2-Cre,3207.4304,0.36926553
317.45627,1086489601,-0.08724985,OPHYS_6_images_B,788017709,Slc17a7-IRES2-Cre,3469.2668,0.22244905
317.48856,1086489601,-0.014556342,OPHYS_6_images_B,788017709,Slc17a7-IRES2-Cre,3254.9385,0.077521145
317.52087,1086489601,-0.014432369,OPHYS_6_images_B,788017709,Slc17a7-IRES2-Cre,3350.07,-0.020978527
317.5532,1086489601,-0.049549267,OPHYS_6_images_B,788017709,Slc17a7-IRES2-Cre,3361.6885,-0.08356334
317.58548,1086489601,-0.007853619,OPHYS_6_images_B,788017709,Slc17a7-IRES2-Cre,3406.307,-0.091895245
317.61777,1086489601,0.10465214,OPHYS_6_images_B,788017709,Slc17a7-IRES2-Cre,3257.8813,-0.047736842
317.6501,1086489601,0.14365439,OPHYS_6_images_B,788017709,Slc17a7-IRES2-Cre,3340.1116,0.012430241
317.6824,1086489601,-0.007300574,OPHYS_6_images_B,788017709,Slc17a7-IRES2-Cre,3377.8723,0.0789118
317.7147,1086489601,0.08761026,OPHYS_6_images_B,788017709,Slc17a7-IRES2-Cre,3192.484,0.1536916
317.747,1086489601,0.057170514,OPHYS_6_images_B,788017709,Slc17a7-IRES2-Cre,3075.2263,0.21519187
317.7793,1086489601,-0.024390485,OPHYS_6_images_B,788017709,Slc17a7-IRES2-Cre,3066.921,0.2152077
317.8116,1086489601,0.0068686744,OPHYS_6_images_B,788017709,Slc17a7-IRES2-Cre,3243.482,0.15712984
317.8439,1086489601,-0.02017061,OPHYS_6_images_B,788017709,Slc17a7-IRES2-Cre,3243.4766,0.103195295
317.87622,1086489601,-0.03417373,OPHYS_6_images_B,788017709,Slc17a7-IRES2-Cre,3078.2014,0.07053946
317.9085,1086489601,-0.0146656195,OPHYS_6_images_B,788017709,Slc17a7-IRES2-Cre,2994.2456,0.0071962248
317.94083,1086489601,0.011944427,OPHYS_6_images_B,788017709,Slc17a7-IRES2-Cre,3184.0896,-0.11382948
317.97314,1086489601,-0.07912464,OPHYS_6_images_B,788017709,Slc17a7-IRES2-Cre,3236.1956,-0.25073922
318.00543,1086489601,-0.02308768,OPHYS_6_images_B,788017709,Slc17a7-IRES2-Cre,3348.338,-0.34730262
318.03772,1086489601,-0.03896549,OPHYS_6_images_B,788017709,Slc17a7-IRES2-Cre,3151.9307,-0.3958422
318.07004,1086489601,-0.028260207,OPHYS_6_images_B,788017709,Slc17a7-IRES2-Cre,3064.2532,-0.39477056
318.10233,1086489601,0,OPHYS_6_images_B,788017709,Slc17a7-IRES2-Cre,3189.7964,-0.28888726
318.13464,1086489601,-0.089329325,OPHYS_6_images_B,788017709,Slc17a7-IRES2-Cre,3124.829,-0.067766145
318.16696,1086489601,0.008298705,OPHYS_6_images_B,788017709,Slc17a7-IRES2-Cre,3181.8499,0.17409615
318.19925,1086489601,-0.08046766,OPHYS_6_images_B,788017709,Slc17a7-IRES2-Cre,3226.3467,0.3184251
318.23157,1086489601,0.08212185,OPHYS_6_images_B,788017709,Slc17a7-IRES2-Cre,3168.7122,0.33141223
318.26385,1086489601,0.031325486,OPHYS_6_images_B,788017709,Slc17a7-IRES2-Cre,3298.1191,0.24936077
318.29617,1086489601,-0.042957824,OPHYS_6_images_B,788017709,Slc17a7-IRES2-Cre,3304.2976,0.09779961
318.32846,1086489601,-0.070443675,OPHYS_6_images_B,788017709,Slc17a7-IRES2-Cre,3119.838,-0.08797686
318.36078,1086489601,0.0091965,OPHYS_6_images_B,788017709,Slc17a7-IRES2-Cre,3060.5815,-0.2792006
318.39307,1086489601,0.07405372,OPHYS_6_images_B,788017709,Slc17a7-IRES2-Cre,2887.9172,-0.4193014
318.42538,1086489601,0.10891486,OPHYS_6_images_B,788017709,Slc17a7-IRES2-Cre,3204.6243,-0.4436008
318.4577,1086489601,0.0002995813,OPHYS_6_images_B,788017709,Slc17a7-IRES2-Cre,3391.2224,-0.35005414
318.49,1086489601,0.002034741,OPHYS_6_images_B,788017709,Slc17a7-IRES2-Cre,3348.4905,-0.17806102
318.52228,1086489601,0.17111064,OPHYS_6_images_B,788017709,Slc17a7-IRES2-Cre,3124.2607,0.034383897
318.5546,1086489601,0.012674755,OPHYS_6_images_B,788017709,Slc17a7-IRES2-Cre,3189.871,0.25658086
318.5869,1086489601,-0.06721805,OPHYS_6_images_B,788017709,Slc17a7-IRES2-Cre,3344.6138,0.441474
318.6192,1086489601,-0.01912693,OPHYS_6_images_B,788017709,Slc17a7-IRES2-Cre,3233.972,0.5178661
318.65152,1086489601,0.046824533,OPHYS_6_images_B,788017709,Slc17a7-IRES2-Cre,3212.242,0.4285923
318.6838,1086489601,0.048572924,OPHYS_6_images_B,788017709,Slc17a7-IRES2-Cre,3056.352,0.20949756
318.71613,1086489601,0.18089846,OPHYS_6_images_B,788017709,Slc17a7-IRES2-Cre,3048.0444,-0.014950386
318.7484,1086489601,0.04479329,OPHYS_6_images_B,788017709,Slc17a7-IRES2-Cre,3188.2402,-0.15294196
318.78073,1086489601,-0.010597028,OPHYS_6_images_B,788017709,Slc17a7-IRES2-Cre,3095.5972,-0.19486298
318.81302,1086489601,0.013582085,OPHYS_6_images_B,788017709,Slc17a7-IRES2-Cre,3027.4,-0.1543734
318.84534,1086489601,0.14913596,OPHYS_6_images_B,788017709,Slc17a7-IRES2-Cre,2852.3806,-0.08914476
318.87766,1086489601,-0.061717167,OPHYS_6_images_B,788017709,Slc17a7-IRES2-Cre,3230.573,-0.06256961
318.90994,1086489601,-0.10397786,OPHYS_6_images_B,788017709,Slc17a7-IRES2-Cre,3264.409,-0.061624054
318.94223,1086489601,-0.015590647,OPHYS_6_images_B,788017709,Slc17a7-IRES2-Cre,3318.6384,-0.08001024
318.97455,1086489601,-0.006044973,OPHYS_6_images_B,788017709,Slc17a7-IRES2-Cre,3481.6648,-0.14406739
319.00684,1086489601,-0.004810172,OPHYS_6_images_B,788017709,Slc17a7-IRES2-Cre,3527.0354,-0.20186917
319.03915,1086489601,0.07040139,OPHYS_6_images_B,788017709,Slc17a7-IRES2-Cre,3411.1995,-0.16001654
319.07147,1086489601,0.0035704833,OPHYS_6_images_B,788017709,Slc17a7-IRES2-Cre,3357.2017,-0.0030372504
319.10376,1086489601,-0.010126928,OPHYS_6_images_B,788017709,Slc17a7-IRES2-Cre,3384.123,0.19632338
319.13608,1086489601,-0.057784855,OPHYS_6_images_B,788017709,Slc17a7-IRES2-Cre,3155.1855,0.33241972
319.16837,1086489601,0.086674415,OPHYS_6_images_B,788017709,Slc17a7-IRES2-Cre,3046.0376,0.33958846
319.20068,1086489601,0.050780118,OPHYS_6_images_B,788017709,Slc17a7-IRES2-Cre,3097.4524,0.23685764
319.23297,1086489601,0.030936815,OPHYS_6_images_B,788017709,Slc17a7-IRES2-Cre,3092.8284,0.086052746
319.2653,1086489601,0.042022545,OPHYS_6_images_B,788017709,Slc17a7-IRES2-Cre,3065.633,-0.033802807
319.29758,1086489601,-0.09780919,OPHYS_6_images_B,788017709,Slc17a7-IRES2-Cre,2916.8428,-0.07761152
319.3299,1086489601,0.16284245,OPHYS_6_images_B,788017709,Slc17a7-IRES2-Cre,2818.9697,-0.0772643
319.36218,1086489601,0.028238181,OPHYS_6_images_B,788017709,Slc17a7-IRES2-Cre,2874.5408,-0.074567206
319.3945,1086489601,-0.042057976,OPHYS_6_images_B,788017709,Slc17a7-IRES2-Cre,2964.3179,-0.0711253
319.4268,1086489601,-0.038612418,OPHYS_6_images_B,788017709,Slc17a7-IRES2-Cre,3025.6953,-0.05503807
319.4591,1086489601,0.03411822,OPHYS_6_images_B,788017709,Slc17a7-IRES2-Cre,2970.8904,-0.026263665
319.49142,1086489601,0.023139844,OPHYS_6_images_B,788017709,Slc17a7-IRES2-Cre,2936.329,0.0005565477
319.5237,1086489601,0.08003014,OPHYS_6_images_B,788017709,Slc17a7-IRES2-Cre,2984.1235,0.010889352
319.55603,1086489601,0.007133678,OPHYS_6_images_B,788017709,Slc17a7-IRES2-Cre,3069.4636,-0.0001671076
319.58832,1086489601,-0.016556606,OPHYS_6_images_B,788017709,Slc17a7-IRES2-Cre,3226.8152,-0.022653535
319.62064,1086489601,-0.11970036,OPHYS_6_images_B,788017709,Slc17a7-IRES2-Cre,3267.678,-0.014503533
319.65292,1086489601,0.020493733,OPHYS_6_images_B,788017709,Slc17a7-IRES2-Cre,3117.976,0.06246259
319.68524,1086489601,-0.048012,OPHYS_6_images_B,788017709,Slc17a7-IRES2-Cre,3019.6638,0.16385426
319.71753,1086489601,-0.01739933,OPHYS_6_images_B,788017709,Slc17a7-IRES2-Cre,2945.3276,0.17254119
319.74985,1086489601,-0.08472536,OPHYS_6_images_B,788017709,Slc17a7-IRES2-Cre,2583.418,0.05485407
319.78214,1086489601,-0.09760062,OPHYS_6_images_B,788017709,Slc17a7-IRES2-Cre,3121.3328,-0.06534904
319.81445,1086489601,-0.024152698,OPHYS_6_images_B,788017709,Slc17a7-IRES2-Cre,3074.72,-0.041555382
319.84674,1086489601,-0.096245006,OPHYS_6_images_B,788017709,Slc17a7-IRES2-Cre,2934.519,0.10637161
319.87906,1086489601,-0.123030454,OPHYS_6_images_B,788017709,Slc17a7-IRES2-Cre,2941.6528,0.1912666
319.91135,1086489601,0.0045561097,OPHYS_6_images_B,788017709,Slc17a7-IRES2-Cre,2717.843,0.10774013
319.94366,1086489601,0,OPHYS_6_images_B,788017709,Slc17a7-IRES2-Cre,2758.0496,-0.07044155
319.97598,1086489601,-0.030959139,OPHYS_6_images_B,788017709,Slc17a7-IRES2-Cre,2665.499,-0.21202032
320.00827,1086489601,0.06589765,OPHYS_6_images_B,788017709,Slc17a7-IRES2-Cre,2751.7642,-0.23975028
320.0406,1086489601,0.024307966,OPHYS_6_images_B,788017709,Slc17a7-IRES2-Cre,2665.016,-0.16598032
320.07288,1086489601,-0.009775044,OPHYS_6_images_B,788017709,Slc17a7-IRES2-Cre,2658.7368,-0.05569764
320.1052,1086489601,-0.029434683,OPHYS_6_images_B,788017709,Slc17a7-IRES2-Cre,2765.4902,0.031152293
320.13748,1086489601,-0.08954294,OPHYS_6_images_B,788017709,Slc17a7-IRES2-Cre,2659.77,0.04894239
320.1698,1086489601,-0.04684716,OPHYS_6_images_B,788017709,Slc17a7-IRES2-Cre,2652.889,0.019544864
320.2021,1086489601,0.026250942,OPHYS_6_images_B,788017709,Slc17a7-IRES2-Cre,2677.8064,0.004209738
320.2344,1086489601,0.03830593,OPHYS_6_images_B,788017709,Slc17a7-IRES2-Cre,2603.1152,0.006103466
320.2667,1086489601,-0.08331079,OPHYS_6_images_B,788017709,Slc17a7-IRES2-Cre,2631.8948,0.0049796496
320.299,1086489601,-0.03773868,OPHYS_6_images_B,788017709,Slc17a7-IRES2-Cre,2709.1514,0.0037633325
320.3313,1086489601,-0.11105384,OPHYS_6_images_B,788017709,Slc17a7-IRES2-Cre,2742.193,0.022851713
320.36362,1086489601,-0.055370554,OPHYS_6_images_B,788017709,Slc17a7-IRES2-Cre,2753.373,0.08992161
320.39594,1086489601,-0.038767297,OPHYS_6_images_B,788017709,Slc17a7-IRES2-Cre,2708.0603,0.1759732
320.42822,1086489601,-0.006548205,OPHYS_6_images_B,788017709,Slc17a7-IRES2-Cre,2732.3674,0.18297197
320.46054,1086489601,-0.00888926,OPHYS_6_images_B,788017709,Slc17a7-IRES2-Cre,2712.2434,0.05555167
320.49283,1086489601,-0.18383956,OPHYS_6_images_B,788017709,Slc17a7-IRES2-Cre,2579.634,-0.12546225
320.52512,1086489601,0.091394834,OPHYS_6_images_B,788017709,Slc17a7-IRES2-Cre,2494.0603,-0.19987372
320.55743,1086489601,0.13235201,OPHYS_6_images_B,788017709,Slc17a7-IRES2-Cre,2584.0964,-0.07081808
320.58975,1086489601,0.11611828,OPHYS_6_images_B,788017709,Slc17a7-IRES2-Cre,2895.809,0.17065482
320.62204,1086489601,-0.051769823,OPHYS_6_images_B,788017709,Slc17a7-IRES2-Cre,2712.1812,0.3151608
320.65436,1086489601,0.010759323,OPHYS_6_images_B,788017709,Slc17a7-IRES2-Cre,2619.5427,0.26328668
320.68665,1086489601,-0.048184667,OPHYS_6_images_B,788017709,Slc17a7-IRES2-Cre,2531.7004,0.081313975
320.71896,1086489601,0.112274595,OPHYS_6_images_B,788017709,Slc17a7-IRES2-Cre,2518.937,-0.10957339
320.75125,1086489601,0.09774299,OPHYS_6_images_B,788017709,Slc17a7-IRES2-Cre,2551.509,-0.22169675
320.78357,1086489601,0.07231935,OPHYS_6_images_B,788017709,Slc17a7-IRES2-Cre,2335.9,-0.2318731
320.81586,1086489601,0.048245024,OPHYS_6_images_B,788017709,Slc17a7-IRES2-Cre,2312.481,-0.16347983
320.84818,1086489601,0.023095233,OPHYS_6_images_B,788017709,Slc17a7-IRES2-Cre,2441.5159,-0.047388535
320.8805,1086489601,0.010736171,OPHYS_6_images_B,788017709,Slc17a7-IRES2-Cre,2694.261,0.062562995
320.91278,1086489601,-0.010278912,OPHYS_6_images_B,788017709,Slc17a7-IRES2-Cre,2733.6501,0.08568572
320.94507,1086489601,0.037862398,OPHYS_6_images_B,788017709,Slc17a7-IRES2-Cre,2699.6597,0.03267909
320.9774,1086489601,0.11194444,OPHYS_6_images_B,788017709,Slc17a7-IRES2-Cre,2810.3086,-0.020264123
321.0097,1086489601,0.036794204,OPHYS_6_images_B,788017709,Slc17a7-IRES2-Cre,2707.264,-0.04812547
321.042,1086489601,-0.0019011355,OPHYS_6_images_B,788017709,Slc17a7-IRES2-Cre,2623.083,-0.07657347
321.0743,1086489601,-0.026202561,OPHYS_6_images_B,788017709,Slc17a7-IRES2-Cre,2593.0627,-0.09373711
321.1066,1086489601,-0.0103479,OPHYS_6_images_B,788017709,Slc17a7-IRES2-Cre,2608.9023,-0.06530557
321.13892,1086489601,0.1147611,OPHYS_6_images_B,788017709,Slc17a7-IRES2-Cre,2629.424,-0.012111678
321.1712,1086489601,-0.031694114,OPHYS_6_images_B,788017709,Slc17a7-IRES2-Cre,2677.1396,0.030803893
321.20352,1086489601,0.1545418,OPHYS_6_images_B,788017709,Slc17a7-IRES2-Cre,2682.0542,0.075059526
321.2358,1086489601,-0.06681131,OPHYS_6_images_B,788017709,Slc17a7-IRES2-Cre,2599.5278,0.109197654
321.26813,1086489601,0.0927105,OPHYS_6_images_B,788017709,Slc17a7-IRES2-Cre,2536.407,0.065346934
321.3004,1086489601,0.24268295,OPHYS_6_images_B,788017709,Slc17a7-IRES2-Cre,2491.2847,-0.045714516
321.33273,1086489601,0.1567081,OPHYS_6_images_B,788017709,Slc17a7-IRES2-Cre,2445.984,-0.08777937
321.36505,1086489601,0.025374256,OPHYS_6_images_B,788017709,Slc17a7-IRES2-Cre,2400.9648,0.035171013
321.39734,1086489601,0.040215764,OPHYS_6_images_B,788017709,Slc17a7-IRES2-Cre,2323.877,0.22789918
321.42963,1086489601,-0.022354046,OPHYS_6_images_B,788017709,Slc17a7-IRES2-Cre,2322.05,0.291366
321.46194,1086489601,0.052324645,OPHYS_6_images_B,788017709,Slc17a7-IRES2-Cre,2468.8516,0.1434069
321.49426,1086489601,-0.0605699,OPHYS_6_images_B,788017709,Slc17a7-IRES2-Cre,2607.1655,-0.12731911
321.52655,1086489601,-0.101014726,OPHYS_6_images_B,788017709,Slc17a7-IRES2-Cre,2449.741,-0.34996462
321.55887,1086489601,0.039963398,OPHYS_6_images_B,788017709,Slc17a7-IRES2-Cre,2436.768,-0.38631806
321.59116,1086489601,-0.029352777,OPHYS_6_images_B,788017709,Slc17a7-IRES2-Cre,2462.6099,-0.22878897
321.62347,1086489601,-0.05841067,OPHYS_6_images_B,788017709,Slc17a7-IRES2-Cre,2487.336,-0.007155316
321.65576,1086489601,-0.013275491,OPHYS_6_images_B,788017709,Slc17a7-IRES2-Cre,2436.9536,0.15026005
321.68808,1086489601,0.0022671516,OPHYS_6_images_B,788017709,Slc17a7-IRES2-Cre,2467.785,0.18190713
321.72037,1086489601,0.04657388,OPHYS_6_images_B,788017709,Slc17a7-IRES2-Cre,2545.3225,0.09333615
321.7527,1086489601,-0.051967002,OPHYS_6_images_B,788017709,Slc17a7-IRES2-Cre,2630.5134,-0.014840565
321.785,1086489601,0.016714228,OPHYS_6_images_B,788017709,Slc17a7-IRES2-Cre,2672.7715,-0.04763051
321.8173,1086489601,0.02834354,OPHYS_6_images_B,788017709,Slc17a7-IRES2-Cre,2532.253,-0.023110634
321.84958,1086489601,0.09109886,OPHYS_6_images_B,788017709,Slc17a7-IRES2-Cre,2567.2432,-0.0044001387
321.8819,1086489601,-0.05547571,OPHYS_6_images_B,788017709,Slc17a7-IRES2-Cre,2590.1665,-0.025798079
321.9142,1086489601,0.08591366,OPHYS_6_images_B,788017709,Slc17a7-IRES2-Cre,2559.3274,-0.044857312
321.9465,1086489601,-0.018260302,OPHYS_6_images_B,788017709,Slc17a7-IRES2-Cre,2841.4346,-0.0027634036
321.97882,1086489601,-0.0050334213,OPHYS_6_images_B,788017709,Slc17a7-IRES2-Cre,2957.3884,0.040279597
322.0111,1086489601,0.14375933,OPHYS_6_images_B,788017709,Slc17a7-IRES2-Cre,2723.2388,-0.02359166
322.04343,1086489601,-0.005427244,OPHYS_6_images_B,788017709,Slc17a7-IRES2-Cre,2725.6895,-0.19987984
322.0757,1086489601,0.07324377,OPHYS_6_images_B,788017709,Slc17a7-IRES2-Cre,2875.2559,-0.3863037
322.10803,1086489601,0.042703923,OPHYS_6_images_B,788017709,Slc17a7-IRES2-Cre,2810.007,-0.4351667
322.14032,1086489601,0.01765091,OPHYS_6_images_B,788017709,Slc17a7-IRES2-Cre,2869.487,-0.2878368
322.17264,1086489601,0.17494752,OPHYS_6_images_B,788017709,Slc17a7-IRES2-Cre,2860.0537,-0.015792672
322.20493,1086489601,0.01584763,OPHYS_6_images_B,788017709,Slc17a7-IRES2-Cre,2769.0095,0.2565652
322.23724,1086489601,0.10034308,OPHYS_6_images_B,788017709,Slc17a7-IRES2-Cre,2661.3403,0.41747418
322.26953,1086489601,-0.09166916,OPHYS_6_images_B,788017709,Slc17a7-IRES2-Cre,2690.6667,0.40272507
322.30185,1086489601,0.104959995,OPHYS_6_images_B,788017709,Slc17a7-IRES2-Cre,2734.708,0.24184173
322.33414,1086489601,-0.039322436,OPHYS_6_images_B,788017709,Slc17a7-IRES2-Cre,2675.5537,0.057945702
322.36646,1086489601,-0.044776414,OPHYS_6_images_B,788017709,Slc17a7-IRES2-Cre,2702.9443,-0.041442916
322.39877,1086489601,-0.049774356,OPHYS_6_images_B,788017709,Slc17a7-IRES2-Cre,2721.2542,-0.056266014
322.43106,1086489601,-0.027106026,OPHYS_6_images_B,788017709,Slc17a7-IRES2-Cre,2576.4053,-0.032244917
322.46338,1086489601,-0.098838024,OPHYS_6_images_B,788017709,Slc17a7-IRES2-Cre,2575.9663,0.041765302
322.49567,1086489601,0.04464149,OPHYS_6_images_B,788017709,Slc17a7-IRES2-Cre,2658.8716,0.16923669
322.52798,1086489601,-0.06724082,OPHYS_6_images_B,788017709,Slc17a7-IRES2-Cre,2674.0962,0.27773184
322.56027,1086489601,0.03327018,OPHYS_6_images_B,788017709,Slc17a7-IRES2-Cre,2574.6196,0.2614947
322.5926,1086489601,-0.075687565,OPHYS_6_images_B,788017709,Slc17a7-IRES2-Cre,2677.4404,0.105563454
322.62488,1086489601,-0.108126804,OPHYS_6_images_B,788017709,Slc17a7-IRES2-Cre,2706.8342,-0.09597264
322.6572,1086489601,-0.036218487,OPHYS_6_images_B,788017709,Slc17a7-IRES2-Cre,3018.8801,-0.2192184
322.6895,1086489601,-0.029363286,OPHYS_6_images_B,788017709,Slc17a7-IRES2-Cre,2870.006,-0.21601158
322.7218,1086489601,-0.031232059,OPHYS_6_images_B,788017709,Slc17a7-IRES2-Cre,2748.5852,-0.15841074
322.7541,1086489601,-0.02816083,OPHYS_6_images_B,788017709,Slc17a7-IRES2-Cre,2883.897,-0.12651724
322.7864,1086489601,-0.038317412,OPHYS_6_images_B,788017709,Slc17a7-IRES2-Cre,2574.115,-0.09439517
322.8187,1086489601,-0.013479731,OPHYS_6_images_B,788017709,Slc17a7-IRES2-Cre,2744.5017,-0.01268803
322.851,1086489601,0.061729126,OPHYS_6_images_B,788017709,Slc17a7-IRES2-Cre,2601.0952,0.09675559
322.88333,1086489601,0.09884138,OPHYS_6_images_B,788017709,Slc17a7-IRES2-Cre,2506.6738,0.1691234
322.91562,1086489601,0.12954171,OPHYS_6_images_B,788017709,Slc17a7-IRES2-Cre,2269.5813,0.14104487
322.94794,1086489601,0.17255163,OPHYS_6_images_B,788017709,Slc17a7-IRES2-Cre,2650.466,0.008067336
322.98022,1086489601,-0.020438997,OPHYS_6_images_B,788017709,Slc17a7-IRES2-Cre,2653.3562,-0.1370746
323.01254,1086489601,-0.025855884,OPHYS_6_images_B,788017709,Slc17a7-IRES2-Cre,2676.083,-0.19224766
323.04483,1086489601,0,OPHYS_6_images_B,788017709,Slc17a7-IRES2-Cre,2787.6,-0.15146858
323.07715,1086489601,0.13699186,OPHYS_6_images_B,788017709,Slc17a7-IRES2-Cre,2782.23,-0.07603681
323.10944,1086489601,0.0016391537,OPHYS_6_images_B,788017709,Slc17a7-IRES2-Cre,2752.4077,-0.001287646
323.14175,1086489601,-0.017279886,OPHYS_6_images_B,788017709,Slc17a7-IRES2-Cre,3137.2021,0.067541964
323.17404,1086489601,0.0447884,OPHYS_6_images_B,788017709,Slc17a7-IRES2-Cre,2962.9648,0.1259034
323.20636,1086489601,-0.05333496,OPHYS_6_images_B,788017709,Slc17a7-IRES2-Cre,2564.9895,0.1483657
323.23865,1086489601,0.004901757,OPHYS_6_images_B,788017709,Slc17a7-IRES2-Cre,2489.8657,0.09266508
323.27097,1086489601,0.0998857,OPHYS_6_images_B,788017709,Slc17a7-IRES2-Cre,2462.4111,-0.02765282
323.30328,1086489601,0.15972379,OPHYS_6_images_B,788017709,Slc17a7-IRES2-Cre,2494.926,-0.1343977
323.33557,1086489601,-0.037397776,OPHYS_6_images_B,788017709,Slc17a7-IRES2-Cre,2555.4302,-0.15799621
323.3679,1086489601,0.062249135,OPHYS_6_images_B,788017709,Slc17a7-IRES2-Cre,2697.437,-0.095145896
323.40018,1086489601,0.029039646,OPHYS_6_images_B,788017709,Slc17a7-IRES2-Cre,2801.9092,0.022640819
323.4325,1086489601,0.004796046,OPHYS_6_images_B,788017709,Slc17a7-IRES2-Cre,2849.6753,0.16555661
323.46478,1086489601,0,OPHYS_6_images_B,788017709,Slc17a7-IRES2-Cre,2861.605,0.30516505
323.4971,1086489601,-0.010018616,OPHYS_6_images_B,788017709,Slc17a7-IRES2-Cre,2676.9668,0.38478264
323.5294,1086489601,-0.014019029,OPHYS_6_images_B,788017709,Slc17a7-IRES2-Cre,2667.1062,0.33178046
323.5617,1086489601,-0.019389393,OPHYS_6_images_B,788017709,Slc17a7-IRES2-Cre,2496.4136,0.14515033
323.594,1086489601,-0.024663558,OPHYS_6_images_B,788017709,Slc17a7-IRES2-Cre,2495.6746,-0.109813236
323.6263,1086489601,-0.008414491,OPHYS_6_images_B,788017709,Slc17a7-IRES2-Cre,2557.763,-0.34770784
323.6586,1086489601,-0.017162224,OPHYS_6_images_B,788017709,Slc17a7-IRES2-Cre,2621.7825,-0.48717272
323.69092,1086489601,0.007862228,OPHYS_6_images_B,788017709,Slc17a7-IRES2-Cre,2703.7734,-0.4726608
323.7232,1086489601,0.027863687,OPHYS_6_images_B,788017709,Slc17a7-IRES2-Cre,2881.9316,-0.3254329
323.75552,1086489601,0.068812415,OPHYS_6_images_B,788017709,Slc17a7-IRES2-Cre,3002.1814,-0.16142043
323.78784,1086489601,0.047896,OPHYS_6_images_B,788017709,Slc17a7-IRES2-Cre,2952.224,-0.08914895
323.82013,1086489601,0.051804602,OPHYS_6_images_B,788017709,Slc17a7-IRES2-Cre,2887.4429,-0.09660654
323.85245,1086489601,-0.03510584,OPHYS_6_images_B,788017709,Slc17a7-IRES2-Cre,2901.27,-0.104780905
323.88474,1086489601,-0.1117386,OPHYS_6_images_B,788017709,Slc17a7-IRES2-Cre,2924.2063,-0.087991394
323.91705,1086489601,0.005041724,OPHYS_6_images_B,788017709,Slc17a7-IRES2-Cre,2720.986,-0.0747849
323.94934,1086489601,-0.09468608,OPHYS_6_images_B,788017709,Slc17a7-IRES2-Cre,2637.7432,-0.068818256
323.98166,1086489601,0.028414773,OPHYS_6_images_B,788017709,Slc17a7-IRES2-Cre,2912.4587,-0.02740036
324.01395,1086489601,-0.05098165,OPHYS_6_images_B,788017709,Slc17a7-IRES2-Cre,3161.9148,0.07144806
324.04626,1086489601,0.04195259,OPHYS_6_images_B,788017709,Slc17a7-IRES2-Cre,3075.204,0.20651665
324.07855,1086489601,-0.032604758,OPHYS_6_images_B,788017709,Slc17a7-IRES2-Cre,2778.3142,0.32672036
324.11087,1086489601,0.060546424,OPHYS_6_images_B,788017709,Slc17a7-IRES2-Cre,2809.2231,0.35749546
324.14316,1086489601,0.012897124,OPHYS_6_images_B,788017709,Slc17a7-IRES2-Cre,2753.97,0.2524625
324.17548,1086489601,-0.17915463,OPHYS_6_images_B,788017709,Slc17a7-IRES2-Cre,2923.8718,0.063913114
324.2078,1086489601,0.057694804,OPHYS_6_images_B,788017709,Slc17a7-IRES2-Cre,2867.4058,-0.10691417
324.24008,1086489601,-0.0058883927,OPHYS_6_images_B,788017709,Slc17a7-IRES2-Cre,2807.5676,-0.19256853
324.2724,1086489601,0.033856884,OPHYS_6_images_B,788017709,Slc17a7-IRES2-Cre,2923.2014,-0.13780618
324.3047,1086489601,-0.044261344,OPHYS_6_images_B,788017709,Slc17a7-IRES2-Cre,2924.8347,0.043938037
324.33698,1086489601,0.079769365,OPHYS_6_images_B,788017709,Slc17a7-IRES2-Cre,2803.8584,0.20040916
324.3693,1086489601,0.008438007,OPHYS_6_images_B,788017709,Slc17a7-IRES2-Cre,2732.1174,0.16255191
324.4016,1086489601,0.08181102,OPHYS_6_images_B,788017709,Slc17a7-IRES2-Cre,2758.9502,-0.05936816
324.4339,1086489601,-0.014262764,OPHYS_6_images_B,788017709,Slc17a7-IRES2-Cre,2726.729,-0.252502
324.46622,1086489601,0.079944864,OPHYS_6_images_B,788017709,Slc17a7-IRES2-Cre,2598.0354,-0.21291456
324.4985,1086489601,0.09832121,OPHYS_6_images_B,788017709,Slc17a7-IRES2-Cre,2551.4644,0.041150633
324.53082,1086489601,0,OPHYS_6_images_B,788017709,Slc17a7-IRES2-Cre,2553.3574,0.3184117
324.5631,1086489601,-0.045120638,OPHYS_6_images_B,788017709,Slc17a7-IRES2-Cre,2509.9312,0.4375858
324.59543,1086489601,0.055551264,OPHYS_6_images_B,788017709,Slc17a7-IRES2-Cre,2535.2874,0.35059208
324.62772,1086489601,-0.102927595,OPHYS_6_images_B,788017709,Slc17a7-IRES2-Cre,2789.2969,0.13749018
324.66003,1086489601,0.008746606,OPHYS_6_images_B,788017709,Slc17a7-IRES2-Cre,2934.7268,-0.061533246
324.69235,1086489601,0.10343,OPHYS_6_images_B,788017709,Slc17a7-IRES2-Cre,2709.6497,-0.12561575
324.72464,1086489601,-0.026286682,OPHYS_6_images_B,788017709,Slc17a7-IRES2-Cre,2642.5164,-0.05424431
324.75693,1086489601,0.03214929,OPHYS_6_images_B,788017709,Slc17a7-IRES2-Cre,2646.6367,0.028366055
324.78925,1086489601,-0.10326085,OPHYS_6_images_B,788017709,Slc17a7-IRES2-Cre,2546.1816,0.019055009
324.82156,1086489601,-0.08750141,OPHYS_6_images_B,788017709,Slc17a7-IRES2-Cre,2441.7607,-0.07373558
324.85385,1086489601,0.053582836,OPHYS_6_images_B,788017709,Slc17a7-IRES2-Cre,2434.583,-0.1904376
324.88617,1086489601,0.05370199,OPHYS_6_images_B,788017709,Slc17a7-IRES2-Cre,2701.2654,-0.26831275
324.91846,1086489601,-0.043470457,OPHYS_6_images_B,788017709,Slc17a7-IRES2-Cre,2651.2588,-0.24414808
324.95078,1086489601,-0.017521586,OPHYS_6_images_B,788017709,Slc17a7-IRES2-Cre,2506.2507,-0.09595931
324.98306,1086489601,0.07823418,OPHYS_6_images_B,788017709,Slc17a7-IRES2-Cre,2484.129,0.12543207
325.01538,1086489601,-0.08242129,OPHYS_6_images_B,788017709,Slc17a7-IRES2-Cre,2486.027,0.2860597
325.04767,1086489601,0.04686459,OPHYS_6_images_B,788017709,Slc17a7-IRES2-Cre,2659.027,0.28582886
325.08,1086489601,-0.016445452,OPHYS_6_images_B,788017709,Slc17a7-IRES2-Cre,3011.6606,0.15959813
325.1123,1086489601,-0.004411788,OPHYS_6_images_B,788017709,Slc17a7-IRES2-Cre,2880.2195,-0.016654946
325.1446,1086489601,-0.15602067,OPHYS_6_images_B,788017709,Slc17a7-IRES2-Cre,2567.5957,-0.2197416
325.1769,1086489601,-0.015117762,OPHYS_6_images_B,788017709,Slc17a7-IRES2-Cre,2756.577,-0.41063115
325.2092,1086489601,0.09357735,OPHYS_6_images_B,788017709,Slc17a7-IRES2-Cre,2763.777,-0.49907473
325.2415,1086489601,0.0035163467,OPHYS_6_images_B,788017709,Slc17a7-IRES2-Cre,2789.9705,-0.4242118
325.2738,1086489601,0.09612419,OPHYS_6_images_B,788017709,Slc17a7-IRES2-Cre,2856.421,-0.21454039
325.30612,1086489601,0.09968133,OPHYS_6_images_B,788017709,Slc17a7-IRES2-Cre,2796.8052,0.032381833
325.3384,1086489601,-0.016106999,OPHYS_6_images_B,788017709,Slc17a7-IRES2-Cre,2653.0762,0.21911862
325.37073,1086489601,-0.021132985,OPHYS_6_images_B,788017709,Slc17a7-IRES2-Cre,2534.5857,0.2979034
325.403,1086489601,-0.009227334,OPHYS_6_images_B,788017709,Slc17a7-IRES2-Cre,2536.6653,0.2722111
325.43533,1086489601,-0.015876938,OPHYS_6_images_B,788017709,Slc17a7-IRES2-Cre,2567.6216,0.18005922
325.46762,1086489601,-0.047115285,OPHYS_6_images_B,788017709,Slc17a7-IRES2-Cre,2618.1545,0.08007597
325.49994,1086489601,-0.07185238,OPHYS_6_images_B,788017709,Slc17a7-IRES2-Cre,2649.885,0.060826316
325.53223,1086489601,-0.10379433,OPHYS_6_images_B,788017709,Slc17a7-IRES2-Cre,2602.9106,0.15973635
325.56454,1086489601,0.017929299,OPHYS_6_images_B,788017709,Slc17a7-IRES2-Cre,2645.4744,0.25939432
325.59686,1086489601,-0.119258575,OPHYS_6_images_B,788017709,Slc17a7-IRES2-Cre,2705.9602,0.21853957
325.62915,1086489601,0.061635725,OPHYS_6_images_B,788017709,Slc17a7-IRES2-Cre,2690.3325,0.049126882
325.66144,1086489601,-0.038570702,OPHYS_6_images_B,788017709,Slc17a7-IRES2-Cre,2661.7158,-0.112275355
325.69376,1086489601,-0.0105415955,OPHYS_6_images_B,788017709,Slc17a7-IRES2-Cre,2572.7527,-0.1643249
325.72607,1086489601,-0.0024682777,OPHYS_6_images_B,788017709,Slc17a7-IRES2-Cre,2670.1362,-0.1296667
325.75836,1086489601,0.052408066,OPHYS_6_images_B,788017709,Slc17a7-IRES2-Cre,2626.648,-0.080968
325.79068,1086489601,0.110237814,OPHYS_6_images_B,788017709,Slc17a7-IRES2-Cre,2605.6323,-0.022970326
325.82297,1086489601,0.04167238,OPHYS_6_images_B,788017709,Slc17a7-IRES2-Cre,2499.1697,0.05139506
325.8553,1086489601,-0.0077903867,OPHYS_6_images_B,788017709,Slc17a7-IRES2-Cre,2585.075,0.06245046
325.88757,1086489601,0.09703833,OPHYS_6_images_B,788017709,Slc17a7-IRES2-Cre,2678.5066,-0.06229591
325.9199,1086489601,-0.06272868,OPHYS_6_images_B,788017709,Slc17a7-IRES2-Cre,2629.5427,-0.23421846
325.95218,1086489601,-0.026933135,OPHYS_6_images_B,788017709,Slc17a7-IRES2-Cre,2805.782,-0.28673804
325.9845,1086489601,0.07555213,OPHYS_6_images_B,788017709,Slc17a7-IRES2-Cre,2697.3828,-0.18436314
326.0168,1086489601,-0.09794375,OPHYS_6_images_B,788017709,Slc17a7-IRES2-Cre,2583.1887,-0.056719135
326.0491,1086489601,0.22204061,OPHYS_6_images_B,788017709,Slc17a7-IRES2-Cre,2531.9846,-0.015457461
326.08142,1086489601,0.03776047,OPHYS_6_images_B,788017709,Slc17a7-IRES2-Cre,2513.021,-0.018880662
326.1137,1086489601,-0.12061472,OPHYS_6_images_B,788017709,Slc17a7-IRES2-Cre,2256.4849,0.03252659
326.146,1086489601,-0.06925742,OPHYS_6_images_B,788017709,Slc17a7-IRES2-Cre,2456.9966,0.13537301
326.1783,1086489601,-0.08237587,OPHYS_6_images_B,788017709,Slc17a7-IRES2-Cre,2428.463,0.19333549
326.21063,1086489601,0.016030042,OPHYS_6_images_B,788017709,Slc17a7-IRES2-Cre,2440.6667,0.13990422
326.24292,1086489601,0.10357689,OPHYS_6_images_B,788017709,Slc17a7-IRES2-Cre,2594.275,0.0324623
326.27524,1086489601,-0.13192533,OPHYS_6_images_B,788017709,Slc17a7-IRES2-Cre,2516.2432,-0.010932448
326.30753,1086489601,-0.0055051064,OPHYS_6_images_B,788017709,Slc17a7-IRES2-Cre,2655.3508,0.026075745
326.33984,1086489601,0.02535424,OPHYS_6_images_B,788017709,Slc17a7-IRES2-Cre,2873.5027,0.047558635
326.37213,1086489601,0.0099174045,OPHYS_6_images_B,788017709,Slc17a7-IRES2-Cre,2817.7634,-0.0035444067
326.40445,1086489601,-0.08957195,OPHYS_6_images_B,788017709,Slc17a7-IRES2-Cre,2617.9067,-0.08980251
326.43674,1086489601,0.059554096,OPHYS_6_images_B,788017709,Slc17a7-IRES2-Cre,2564.5706,-0.14139551
326.46906,1086489601,0.002183415,OPHYS_6_images_B,788017709,Slc17a7-IRES2-Cre,2579.446,-0.098210804
326.50137,1086489601,-0.10454244,OPHYS_6_images_B,788017709,Slc17a7-IRES2-Cre,2619.9026,0.019881539
326.53366,1086489601,0.07334201,OPHYS_6_images_B,788017709,Slc17a7-IRES2-Cre,2648.2769,0.11439669
326.56595,1086489601,0.025619267,OPHYS_6_images_B,788017709,Slc17a7-IRES2-Cre,2642.8684,0.15819806
326.59827,1086489601,-0.010716478,OPHYS_6_images_B,788017709,Slc17a7-IRES2-Cre,2691.0596,0.18832278
326.63058,1086489601,-0.10845629,OPHYS_6_images_B,788017709,Slc17a7-IRES2-Cre,2674.7593,0.1787332
326.66287,1086489601,0.06879543,OPHYS_6_images_B,788017709,Slc17a7-IRES2-Cre,2607.0552,0.08941467
326.6952,1086489601,0,OPHYS_6_images_B,788017709,Slc17a7-IRES2-Cre,2607.5078,-0.034746625
326.72748,1086489601,-0.067463994,OPHYS_6_images_B,788017709,Slc17a7-IRES2-Cre,2518.2986,-0.13808362
326.7598,1086489601,0.12841846,OPHYS_6_images_B,788017709,Slc17a7-IRES2-Cre,2526.7346,-0.23456551
326.79208,1086489601,0.29446384,OPHYS_6_images_B,788017709,Slc17a7-IRES2-Cre,2519.9597,-0.32041252
326.8244,1086489601,0.09611799,OPHYS_6_images_B,788017709,Slc17a7-IRES2-Cre,2485.0864,-0.31816176
326.8567,1086489601,0.05537096,OPHYS_6_images_B,788017709,Slc17a7-IRES2-Cre,2565.916,-0.1676522
326.889,1086489601,0.034785118,OPHYS_6_images_B,788017709,Slc17a7-IRES2-Cre,2408.2349,0.07747851
326.9213,1086489601,0.018427197,OPHYS_6_images_B,788017709,Slc17a7-IRES2-Cre,2615.4324,0.28153428
326.9536,1086489601,-0.06493247,OPHYS_6_images_B,788017709,Slc17a7-IRES2-Cre,3004.1606,0.3265984
326.9859,1086489601,0.071884565,OPHYS_6_images_B,788017709,Slc17a7-IRES2-Cre,2717.9702,0.17716087
327.01822,1086489601,0.018890401,OPHYS_6_images_B,788017709,Slc17a7-IRES2-Cre,2743.5486,-0.05483793
327.0505,1086489601,0.1649287,OPHYS_6_images_B,788017709,Slc17a7-IRES2-Cre,2716.4753,-0.14022303
327.08282,1086489601,-0.008861573,OPHYS_6_images_B,788017709,Slc17a7-IRES2-Cre,2626.2747,0.020536328
327.11514,1086489601,-0.010398355,OPHYS_6_images_B,788017709,Slc17a7-IRES2-Cre,2510.0977,0.28342152
327.14743,1086489601,0.12260862,OPHYS_6_images_B,788017709,Slc17a7-IRES2-Cre,2304.8079,0.3989147
327.17975,1086489601,-0.015761003,OPHYS_6_images_B,788017709,Slc17a7-IRES2-Cre,2619.2644,0.24381474
327.21204,1086489601,-0.0063616843,OPHYS_6_images_B,788017709,Slc17a7-IRES2-Cre,2462.3047,-0.09187259
327.24435,1086489601,-0.09448516,OPHYS_6_images_B,788017709,Slc17a7-IRES2-Cre,2633.096,-0.40031958
327.27664,1086489601,0.06045756,OPHYS_6_images_B,788017709,Slc17a7-IRES2-Cre,2654.7166,-0.5019869
327.30896,1086489601,0.0022186628,OPHYS_6_images_B,788017709,Slc17a7-IRES2-Cre,2741.895,-0.35565242
327.34125,1086489601,-0.0015538947,OPHYS_6_images_B,788017709,Slc17a7-IRES2-Cre,2515.0554,-0.079754986
327.37357,1086489601,-0.009865864,OPHYS_6_images_B,788017709,Slc17a7-IRES2-Cre,2546.0176,0.15227325
327.40588,1086489601,0.029387178,OPHYS_6_images_B,788017709,Slc17a7-IRES2-Cre,2484.368,0.25900647
327.43817,1086489601,-0.049458824,OPHYS_6_images_B,788017709,Slc17a7-IRES2-Cre,2548.3948,0.284617
327.47046,1086489601,-0.03642571,OPHYS_6_images_B,788017709,Slc17a7-IRES2-Cre,2557.342,0.2642293
327.50278,1086489601,-0.043556124,OPHYS_6_images_B,788017709,Slc17a7-IRES2-Cre,2536.801,0.15802053
327.5351,1086489601,0.04336059,OPHYS_6_images_B,788017709,Slc17a7-IRES2-Cre,2463.8818,-0.029010644
327.56738,1086489601,-0.040409986,OPHYS_6_images_B,788017709,Slc17a7-IRES2-Cre,2407.7366,-0.20732269
327.5997,1086489601,0.088747844,OPHYS_6_images_B,788017709,Slc17a7-IRES2-Cre,2290.1218,-0.28860652
327.632,1086489601,0.08038574,OPHYS_6_images_B,788017709,Slc17a7-IRES2-Cre,2223.648,-0.24598077
327.6643,1086489601,-0.020119792,OPHYS_6_images_B,788017709,Slc17a7-IRES2-Cre,2332.9084,-0.082602546
327.6966,1086489601,0.109917104,OPHYS_6_images_B,788017709,Slc17a7-IRES2-Cre,2296.0212,0.17346992
327.7289,1086489601,-0.039837807,OPHYS_6_images_B,788017709,Slc17a7-IRES2-Cre,2384.851,0.40501964
327.7612,1086489601,-0.027296454,OPHYS_6_images_B,788017709,Slc17a7-IRES2-Cre,2429.6748,0.46025223
327.79352,1086489601,-0.048265483,OPHYS_6_images_B,788017709,Slc17a7-IRES2-Cre,2423.6702,0.29304662
327.8258,1086489601,-0.0065400684,OPHYS_6_images_B,788017709,Slc17a7-IRES2-Cre,2525.6848,0.005133355
327.85812,1086489601,0.064831406,OPHYS_6_images_B,788017709,Slc17a7-IRES2-Cre,2576.028,-0.2355515
327.8904,1086489601,0.008529802,OPHYS_6_images_B,788017709,Slc17a7-IRES2-Cre,2679.7363,-0.302248
327.92273,1086489601,-0.0103889955,OPHYS_6_images_B,788017709,Slc17a7-IRES2-Cre,2654.1946,-0.21122868
327.95502,1086489601,-0.08316292,OPHYS_6_images_B,788017709,Slc17a7-IRES2-Cre,2434.161,-0.09503246
327.98734,1086489601,0.0039320854,OPHYS_6_images_B,788017709,Slc17a7-IRES2-Cre,2431.995,-0.04953205
328.01965,1086489601,0.06387371,OPHYS_6_images_B,788017709,Slc17a7-IRES2-Cre,2555.2366,-0.0682557
328.05194,1086489601,-0.029131139,OPHYS_6_images_B,788017709,Slc17a7-IRES2-Cre,2825.0183,-0.08527676
328.08426,1086489601,0.04974581,OPHYS_6_images_B,788017709,Slc17a7-IRES2-Cre,2857.1848,-0.05369515
328.11655,1086489601,0.013005607,OPHYS_6_images_B,788017709,Slc17a7-IRES2-Cre,2939.6577,0.016136369
328.14886,1086489601,-0.1178338,OPHYS_6_images_B,788017709,Slc17a7-IRES2-Cre,2617.013,0.066070385
328.18115,1086489601,0.122233704,OPHYS_6_images_B,788017709,Slc17a7-IRES2-Cre,2723.8582,0.06827464
328.21347,1086489601,-0.033089086,OPHYS_6_images_B,788017709,Slc17a7-IRES2-Cre,2431.6738,0.03636439
328.24576,1086489601,-0.06940138,OPHYS_6_images_B,788017709,Slc17a7-IRES2-Cre,2365.5962,-0.003727928
328.27808,1086489601,0.033230953,OPHYS_6_images_B,788017709,Slc17a7-IRES2-Cre,2342.1853,-0.033319958
328.31036,1086489601,-0.12953715,OPHYS_6_images_B,788017709,Slc17a7-IRES2-Cre,2664.6123,-0.03810641
328.34268,1086489601,-0.048843484,OPHYS_6_images_B,788017709,Slc17a7-IRES2-Cre,2610.5876,-0.01110013
328.37497,1086489601,0.04153498,OPHYS_6_images_B,788017709,Slc17a7-IRES2-Cre,2645.2803,0.010735013
328.4073,1086489601,-0.0022186628,OPHYS_6_images_B,788017709,Slc17a7-IRES2-Cre,2618.4482,0.00085889036
328.43958,1086489601,-0.045759283,OPHYS_6_images_B,788017709,Slc17a7-IRES2-Cre,2455.95,-0.020894865
328.4719,1086489601,0.054351427,OPHYS_6_images_B,788017709,Slc17a7-IRES2-Cre,2544.083,-0.02401119
328.5042,1086489601,0.07303123,OPHYS_6_images_B,788017709,Slc17a7-IRES2-Cre,2823.8455,0.007328343
328.5365,1086489601,0.078568935,OPHYS_6_images_B,788017709,Slc17a7-IRES2-Cre,2923.0903,0.042262584
328.56882,1086489601,-0.023628594,OPHYS_6_images_B,788017709,Slc17a7-IRES2-Cre,2713.5288,0.03832155
328.6011,1086489601,-0.03657266,OPHYS_6_images_B,788017709,Slc17a7-IRES2-Cre,2514.3638,-0.021312462
328.63342,1086489601,-0.10997288,OPHYS_6_images_B,788017709,Slc17a7-IRES2-Cre,2448.036,-0.15728004
328.6657,1086489601,-0.08676247,OPHYS_6_images_B,788017709,Slc17a7-IRES2-Cre,2368.6804,-0.321171
328.69803,1086489601,0.0645049,OPHYS_6_images_B,788017709,Slc17a7-IRES2-Cre,2410.3406,-0.38212904
328.73032,1086489601,-0.065793306,OPHYS_6_images_B,788017709,Slc17a7-IRES2-Cre,2527.264,-0.25905907
328.76263,1086489601,0.021304358,OPHYS_6_images_B,788017709,Slc17a7-IRES2-Cre,2408.9214,0.014397289
328.79492,1086489601,0.072420076,OPHYS_6_images_B,788017709,Slc17a7-IRES2-Cre,2446.0608,0.3249337
328.82724,1086489601,0.008762858,OPHYS_6_images_B,788017709,Slc17a7-IRES2-Cre,2600.3071,0.5439053
328.85953,1086489601,0.06276073,OPHYS_6_images_B,788017709,Slc17a7-IRES2-Cre,2586.3008,0.5813175
328.89185,1086489601,0.050534427,OPHYS_6_images_B,788017709,Slc17a7-IRES2-Cre,2412.5623,0.42470065
328.92416,1086489601,-0.035529725,OPHYS_6_images_B,788017709,Slc17a7-IRES2-Cre,2400.3645,0.13455068
328.95645,1086489601,0.011350741,OPHYS_6_images_B,788017709,Slc17a7-IRES2-Cre,2481.1729,-0.18513843
328.98877,1086489601,-0.12006064,OPHYS_6_images_B,788017709,Slc17a7-IRES2-Cre,2426.858,-0.41094995
329.02106,1086489601,-0.012300113,OPHYS_6_images_B,788017709,Slc17a7-IRES2-Cre,2424.8743,-0.4447869
329.05338,1086489601,-0.010847341,OPHYS_6_images_B,788017709,Slc17a7-IRES2-Cre,2553.2148,-0.2937758
329.08566,1086489601,-0.035803106,OPHYS_6_images_B,788017709,Slc17a7-IRES2-Cre,2626.4941,-0.05298284
329.11798,1086489601,0.03239684,OPHYS_6_images_B,788017709,Slc17a7-IRES2-Cre,2456.5347,0.16876374
329.15027,1086489601,0.018799732,OPHYS_6_images_B,788017709,Slc17a7-IRES2-Cre,2623.2417,0.2651033
329.1826,1086489601,0.09289375,OPHYS_6_images_B,788017709,Slc17a7-IRES2-Cre,2590.7473,0.17584033
329.21487,1086489601,0.0571027,OPHYS_6_images_B,788017709,Slc17a7-IRES2-Cre,2727.1226,-0.052442145
329.2472,1086489601,0.03500667,OPHYS_6_images_B,788017709,Slc17a7-IRES2-Cre,2748.4163,-0.2776156
329.27948,1086489601,-0.0660282,OPHYS_6_images_B,788017709,Slc17a7-IRES2-Cre,2492.225,-0.3806465
329.3118,1086489601,-0.00410153,OPHYS_6_images_B,788017709,Slc17a7-IRES2-Cre,2798.9285,-0.3346185
329.3441,1086489601,-0.0102863815,OPHYS_6_images_B,788017709,Slc17a7-IRES2-Cre,2493.805,-0.1879046
329.3764,1086489601,-0.016018827,OPHYS_6_images_B,788017709,Slc17a7-IRES2-Cre,2505.0708,-0.004425743
329.40872,1086489601,0.029553538,OPHYS_6_images_B,788017709,Slc17a7-IRES2-Cre,2479.696,0.17088416
329.441,1086489601,0.078580625,OPHYS_6_images_B,788017709,Slc17a7-IRES2-Cre,2538.8115,0.30749157
329.47333,1086489601,-0.015401049,OPHYS_6_images_B,788017709,Slc17a7-IRES2-Cre,2504.3533,0.39538378
329.5056,1086489601,-0.049620204,OPHYS_6_images_B,788017709,Slc17a7-IRES2-Cre,2565.0767,0.4209823
329.53793,1086489601,0.015690703,OPHYS_6_images_B,788017709,Slc17a7-IRES2-Cre,2587.1147,0.33425742
329.57022,1086489601,-0.055650942,OPHYS_6_images_B,788017709,Slc17a7-IRES2-Cre,2647.7773,0.11804455
329.60254,1086489601,0.058859333,OPHYS_6_images_B,788017709,Slc17a7-IRES2-Cre,2635.6704,-0.12246987
329.63483,1086489601,0.1577414,OPHYS_6_images_B,788017709,Slc17a7-IRES2-Cre,2543.098,-0.23998302
329.66714,1086489601,0.124057464,OPHYS_6_images_B,788017709,Slc17a7-IRES2-Cre,2541.6619,-0.19983977
329.69943,1086489601,0.025694713,OPHYS_6_images_B,788017709,Slc17a7-IRES2-Cre,2553.7952,-0.10303172
329.73175,1086489601,0.039808866,OPHYS_6_images_B,788017709,Slc17a7-IRES2-Cre,2552.7385,-0.02216449
329.76404,1086489601,0.026507955,OPHYS_6_images_B,788017709,Slc17a7-IRES2-Cre,2549.8967,0.07478077
329.79636,1086489601,0.044235077,OPHYS_6_images_B,788017709,Slc17a7-IRES2-Cre,2492.724,0.20394316
329.82867,1086489601,-0.0102472305,OPHYS_6_images_B,788017709,Slc17a7-IRES2-Cre,2673.105,0.28008538
329.86096,1086489601,-0.16249587,OPHYS_6_images_B,788017709,Slc17a7-IRES2-Cre,2893.1116,0.21868093
329.89328,1086489601,-0.09757053,OPHYS_6_images_B,788017709,Slc17a7-IRES2-Cre,2715.312,0.05729463
329.92557,1086489601,-0.16201274,OPHYS_6_images_B,788017709,Slc17a7-IRES2-Cre,2758.6165,-0.0736436
329.95786,1086489601,-0.095141344,OPHYS_6_images_B,788017709,Slc17a7-IRES2-Cre,2598.96,-0.072671786
329.99017,1086489601,-0.06305729,OPHYS_6_images_B,788017709,Slc17a7-IRES2-Cre,2454.2217,0.019048398
330.0225,1086489601,-0.11348809,OPHYS_6_images_B,788017709,Slc17a7-IRES2-Cre,2310.1782,0.032955874
330.05478,1086489601,-0.04075404,OPHYS_6_images_B,788017709,Slc17a7-IRES2-Cre,2289.078,-0.12473964
330.0871,1086489601,-0.102730624,OPHYS_6_images_B,788017709,Slc17a7-IRES2-Cre,2426.2358,-0.33953834
330.1194,1086489601,0.030420562,OPHYS_6_images_B,788017709,Slc17a7-IRES2-Cre,2473.564,-0.41015205
330.1517,1086489601,-0.10279267,OPHYS_6_images_B,788017709,Slc17a7-IRES2-Cre,2677.5745,-0.2596945
330.184,1086489601,-0.026088228,OPHYS_6_images_B,788017709,Slc17a7-IRES2-Cre,2525.2197,-0.0037458697
330.2163,1086489601,-0.07504064,OPHYS_6_images_B,788017709,Slc17a7-IRES2-Cre,2575.4006,0.17680421
330.2486,1086489601,-0.10241753,OPHYS_6_images_B,788017709,Slc17a7-IRES2-Cre,2507.998,0.20220749
330.2809,1086489601,-0.060629606,OPHYS_6_images_B,788017709,Slc17a7-IRES2-Cre,2559.7852,0.13416173
330.31323,1086489601,0.014811923,OPHYS_6_images_B,788017709,Slc17a7-IRES2-Cre,2461.4814,0.069541305
330.34552,1086489601,-0.0002895087,OPHYS_6_images_B,788017709,Slc17a7-IRES2-Cre,2349.1858,0.043270133
330.37784,1086489601,0.030887052,OPHYS_6_images_B,788017709,Slc17a7-IRES2-Cre,2404.1418,0.022623291
330.41013,1086489601,0.034174386,OPHYS_6_images_B,788017709,Slc17a7-IRES2-Cre,2408.4321,-0.0323078
330.44244,1086489601,-0.009944013,OPHYS_6_images_B,788017709,Slc17a7-IRES2-Cre,2442.51,-0.102174446
330.47473,1086489601,-0.016438117,OPHYS_6_images_B,788017709,Slc17a7-IRES2-Cre,2478.3567,-0.13569659
330.50705,1086489601,0.11960548,OPHYS_6_images_B,788017709,Slc17a7-IRES2-Cre,2485.0503,-0.08788272
330.53934,1086489601,0.06171503,OPHYS_6_images_B,788017709,Slc17a7-IRES2-Cre,2397.4707,0.08194597
330.57166,1086489601,-0.06218851,OPHYS_6_images_B,788017709,Slc17a7-IRES2-Cre,2374.7498,0.31175047
330.60394,1086489601,-0.04067066,OPHYS_6_images_B,788017709,Slc17a7-IRES2-Cre,2402.2793,0.4162473
330.63626,1086489601,-0.11695366,OPHYS_6_images_B,788017709,Slc17a7-IRES2-Cre,2517.2922,0.27072605
330.66855,1086489601,-0.12582642,OPHYS_6_images_B,788017709,Slc17a7-IRES2-Cre,2432.43,-0.070655175
330.70087,1086489601,-0.19337016,OPHYS_6_images_B,788017709,Slc17a7-IRES2-Cre,2668.2585,-0.41450268
330.7332,1086489601,-0.12988222,OPHYS_6_images_B,788017709,Slc17a7-IRES2-Cre,2921.6218,-0.56349176
330.76547,1086489601,-0.06798094,OPHYS_6_images_B,788017709,Slc17a7-IRES2-Cre,2716.0234,-0.43031225
330.7978,1086489601,-0.19169955,OPHYS_6_images_B,788017709,Slc17a7-IRES2-Cre,2698.1292,-0.097417235
330.83008,1086489601,-0.0956755,OPHYS_6_images_B,788017709,Slc17a7-IRES2-Cre,2447.5012,0.24032626
330.86237,1086489601,-0.042236887,OPHYS_6_images_B,788017709,Slc17a7-IRES2-Cre,2248.7158,0.3840229
330.89468,1086489601,-0.06335468,OPHYS_6_images_B,788017709,Slc17a7-IRES2-Cre,2234.6428,0.26424113
330.927,1086489601,-0.06068234,OPHYS_6_images_B,788017709,Slc17a7-IRES2-Cre,2290.7283,0.013516431
330.9593,1086489601,-0.008296343,OPHYS_6_images_B,788017709,Slc17a7-IRES2-Cre,2468.1729,-0.16050275
330.9916,1086489601,0.06929518,OPHYS_6_images_B,788017709,Slc17a7-IRES2-Cre,2618.3105,-0.17039812
331.0239,1086489601,-0.115104005,OPHYS_6_images_B,788017709,Slc17a7-IRES2-Cre,2388.668,-0.07586482
331.0562,1086489601,0.009669779,OPHYS_6_images_B,788017709,Slc17a7-IRES2-Cre,2208.019,0.039546967
331.0885,1086489601,0.35519874,OPHYS_6_images_B,788017709,Slc17a7-IRES2-Cre,2594.9514,0.12674497
331.12082,1086489601,0.30182213,OPHYS_6_images_B,788017709,Slc17a7-IRES2-Cre,2426.182,0.17374818
331.1531,1086489601,0.54664963,OPHYS_6_images_B,788017709,Slc17a7-IRES2-Cre,2623.929,0.19358806
331.18542,1086489601,0.6101392,OPHYS_6_images_B,788017709,Slc17a7-IRES2-Cre,2508.325,0.19267516
331.21774,1086489601,0.6141924,OPHYS_6_images_B,788017709,Slc17a7-IRES2-Cre,2532.8855,0.11474228
331.25003,1086489601,0.5542062,OPHYS_6_images_B,788017709,Slc17a7-IRES2-Cre,2419.9382,-0.06126538
331.28235,1086489601,0.67716396,OPHYS_6_images_B,788017709,Slc17a7-IRES2-Cre,2549.4917,-0.23792534
331.31464,1086489601,0.7222248,OPHYS_6_images_B,788017709,Slc17a7-IRES2-Cre,2540.9907,-0.28154182
331.34695,1086489601,0.6933975,OPHYS_6_images_B,788017709,Slc17a7-IRES2-Cre,2613.6685,-0.13987291
331.37924,1086489601,0.9189407,OPHYS_6_images_B,788017709,Slc17a7-IRES2-Cre,2656.801,0.0849931
331.41156,1086489601,0.8162438,OPHYS_6_images_B,788017709,Slc17a7-IRES2-Cre,3035.2556,0.19929397
331.44385,1086489601,0.73350096,OPHYS_6_images_B,788017709,Slc17a7-IRES2-Cre,2826.7825,0.11280376
331.47617,1086489601,0.7311104,OPHYS_6_images_B,788017709,Slc17a7-IRES2-Cre,2853.3838,-0.065514155
331.50845,1086489601,0.81331754,OPHYS_6_images_B,788017709,Slc17a7-IRES2-Cre,2908.6611,-0.17349525
331.54077,1086489601,0.93899477,OPHYS_6_images_B,788017709,Slc17a7-IRES2-Cre,3080.5647,-0.16062391
331.57306,1086489601,0.93425333,OPHYS_6_images_B,788017709,Slc17a7-IRES2-Cre,3078.3474,-0.072609216
331.60538,1086489601,0.74674517,OPHYS_6_images_B,788017709,Slc17a7-IRES2-Cre,3127.9253,0.02288067
331.63766,1086489601,0.67936265,OPHYS_6_images_B,788017709,Slc17a7-IRES2-Cre,3135.2698,0.076938406
331.66998,1086489601,0.6476422,OPHYS_6_images_B,788017709,Slc17a7-IRES2-Cre,3099.7397,0.07264668
331.7023,1086489601,0.7175329,OPHYS_6_images_B,788017709,Slc17a7-IRES2-Cre,3080.1018,0.022462498
331.7346,1086489601,0.66542053,OPHYS_6_images_B,788017709,Slc17a7-IRES2-Cre,3057.0781,-0.035537623
331.76688,1086489601,0.3556078,OPHYS_6_images_B,788017709,Slc17a7-IRES2-Cre,3235.0818,-0.068356514
331.7992,1086489601,0.33994853,OPHYS_6_images_B,788017709,Slc17a7-IRES2-Cre,3301.5203,-0.073263794
331.8315,1086489601,0.41412464,OPHYS_6_images_B,788017709,Slc17a7-IRES2-Cre,3253.9773,-0.050095085
331.8638,1086489601,0.24910913,OPHYS_6_images_B,788017709,Slc17a7-IRES2-Cre,3465.666,-0.0014803665
331.89612,1086489601,0.0851987,OPHYS_6_images_B,788017709,Slc17a7-IRES2-Cre,3677.386,0.042128526
331.9284,1086489601,0.2762449,OPHYS_6_images_B,788017709,Slc17a7-IRES2-Cre,3858.2812,0.046980817
331.96072,1086489601,0.25829455,OPHYS_6_images_B,788017709,Slc17a7-IRES2-Cre,3670.365,0.010435877
331.993,1086489601,0.1874725,OPHYS_6_images_B,788017709,Slc17a7-IRES2-Cre,3734.7131,-0.030739758
332.02533,1086489601,0.20139802,OPHYS_6_images_B,788017709,Slc17a7-IRES2-Cre,3453.043,-0.043334663
332.05762,1086489601,0.054038446,OPHYS_6_images_B,788017709,Slc17a7-IRES2-Cre,3549.741,-0.020840896
332.08994,1086489601,-0.08911138,OPHYS_6_images_B,788017709,Slc17a7-IRES2-Cre,3552.4746,0.009563034
332.12225,1086489601,-0.08295642,OPHYS_6_images_B,788017709,Slc17a7-IRES2-Cre,3530.85,0.010625329
332.15454,1086489601,0.10477788,OPHYS_6_images_B,788017709,Slc17a7-IRES2-Cre,3472.33,-0.012598316
332.18683,1086489601,-0.009935033,OPHYS_6_images_B,788017709,Slc17a7-IRES2-Cre,3415.0127,-0.02010511
332.21915,1086489601,0.01176668,OPHYS_6_images_B,788017709,Slc17a7-IRES2-Cre,3751.1313,0.015033931
332.25146,1086489601,-0.08818415,OPHYS_6_images_B,788017709,Slc17a7-IRES2-Cre,3832.4917,0.095469065
332.28375,1086489601,0.065369606,OPHYS_6_images_B,788017709,Slc17a7-IRES2-Cre,3863.6333,0.17721894
332.31607,1086489601,0.044624917,OPHYS_6_images_B,788017709,Slc17a7-IRES2-Cre,3500.7925,0.19691166
332.34836,1086489601,-0.025289798,OPHYS_6_images_B,788017709,Slc17a7-IRES2-Cre,3749.076,0.12304574
332.38068,1086489601,0.08766941,OPHYS_6_images_B,788017709,Slc17a7-IRES2-Cre,3726.6824,-0.041754965
332.41296,1086489601,0.18006958,OPHYS_6_images_B,788017709,Slc17a7-IRES2-Cre,3773.988,-0.2568266
332.44528,1086489601,-0.012971388,OPHYS_6_images_B,788017709,Slc17a7-IRES2-Cre,3711.8525,-0.4447532
332.47757,1086489601,-0.002412037,OPHYS_6_images_B,788017709,Slc17a7-IRES2-Cre,3515.9473,-0.5172899
332.5099,1086489601,0.05074797,OPHYS_6_images_B,788017709,Slc17a7-IRES2-Cre,3428.59,-0.40533447
332.54218,1086489601,0.026920227,OPHYS_6_images_B,788017709,Slc17a7-IRES2-Cre,3648.7427,-0.120986655
332.5745,1086489601,0.08314564,OPHYS_6_images_B,788017709,Slc17a7-IRES2-Cre,3885.3213,0.22064495
332.6068,1086489601,-0.08035575,OPHYS_6_images_B,788017709,Slc17a7-IRES2-Cre,3609.0916,0.4617894
332.6391,1086489601,-0.0953858,OPHYS_6_images_B,788017709,Slc17a7-IRES2-Cre,3654.5645,0.47332534
332.6714,1086489601,0.11521425,OPHYS_6_images_B,788017709,Slc17a7-IRES2-Cre,3692.9153,0.26052773
332.7037,1086489601,-0.06545126,OPHYS_6_images_B,788017709,Slc17a7-IRES2-Cre,3800.9058,-0.026882317
332.73602,1086489601,-0.028883893,OPHYS_6_images_B,788017709,Slc17a7-IRES2-Cre,3891.1958,-0.2183758
332.7683,1086489601,0.08251658,OPHYS_6_images_B,788017709,Slc17a7-IRES2-Cre,3957.5447,-0.24854717
332.80063,1086489601,0.015383425,OPHYS_6_images_B,788017709,Slc17a7-IRES2-Cre,4103.266,-0.13529924
332.83292,1086489601,0.039191913,OPHYS_6_images_B,788017709,Slc17a7-IRES2-Cre,3973.2795,0.036303665
332.86523,1086489601,0.012568714,OPHYS_6_images_B,788017709,Slc17a7-IRES2-Cre,3815.911,0.14707859
332.89752,1086489601,0.049248498,OPHYS_6_images_B,788017709,Slc17a7-IRES2-Cre,4110.576,0.14890891
332.92984,1086489601,0,OPHYS_6_images_B,788017709,Slc17a7-IRES2-Cre,4308.918,0.07658568
332.96213,1086489601,-0.06963011,OPHYS_6_images_B,788017709,Slc17a7-IRES2-Cre,4015.5903,-0.012660424
332.99445,1086489601,-0.10605623,OPHYS_6_images_B,788017709,Slc17a7-IRES2-Cre,3924.3003,-0.06620191
333.02676,1086489601,-0.06823688,OPHYS_6_images_B,788017709,Slc17a7-IRES2-Cre,4050.0552,-0.048481688
333.05905,1086489601,0.07902544,OPHYS_6_images_B,788017709,Slc17a7-IRES2-Cre,4613.4463,0.02735132
333.09134,1086489601,0.049931012,OPHYS_6_images_B,788017709,Slc17a7-IRES2-Cre,4951.236,0.09422683
333.12366,1086489601,-0.14521402,OPHYS_6_images_B,788017709,Slc17a7-IRES2-Cre,4257.9414,0.06627354
333.15594,1086489601,0.11316719,OPHYS_6_images_B,788017709,Slc17a7-IRES2-Cre,4437.2617,-0.027589802
333.18826,1086489601,0.00093025947,OPHYS_6_images_B,788017709,Slc17a7-IRES2-Cre,4079.4348,-0.05548202
333.22058,1086489601,-0.036440637,OPHYS_6_images_B,788017709,Slc17a7-IRES2-Cre,4192.9404,0.029388191
333.25287,1086489601,-0.1108721,OPHYS_6_images_B,788017709,Slc17a7-IRES2-Cre,3961.143,0.15362754
333.2852,1086489601,-0.040610455,OPHYS_6_images_B,788017709,Slc17a7-IRES2-Cre,3901.2673,0.22574063
333.31747,1086489601,0.04911179,OPHYS_6_images_B,788017709,Slc17a7-IRES2-Cre,4077.6428,0.16711818
333.3498,1086489601,0.08157195,OPHYS_6_images_B,788017709,Slc17a7-IRES2-Cre,4165.653,-0.016648177
333.38208,1086489601,0.031360533,OPHYS_6_images_B,788017709,Slc17a7-IRES2-Cre,3954.1726,-0.20200485
333.4144,1086489601,-0.005679659,OPHYS_6_images_B,788017709,Slc17a7-IRES2-Cre,3955.3953,-0.25873777
333.4467,1086489601,-0.013363842,OPHYS_6_images_B,788017709,Slc17a7-IRES2-Cre,4272.5522,-0.16574706
333.479,1086489601,-0.0710362,OPHYS_6_images_B,788017709,Slc17a7-IRES2-Cre,4558.741,-0.021385387
333.51132,1086489601,-0.033343095,OPHYS_6_images_B,788017709,Slc17a7-IRES2-Cre,4557.894,0.07550057
333.5436,1086489601,-0.07358887,OPHYS_6_images_B,788017709,Slc17a7-IRES2-Cre,4299.271,0.10499777
333.5759,1086489601,-0.062848456,OPHYS_6_images_B,788017709,Slc17a7-IRES2-Cre,4261.0405,0.07842613
333.60822,1086489601,-0.08743002,OPHYS_6_images_B,788017709,Slc17a7-IRES2-Cre,4589.733,0.016670043
333.64053,1086489601,-0.023872988,OPHYS_6_images_B,788017709,Slc17a7-IRES2-Cre,4460.49,-0.04189759
333.67282,1086489601,-0.023052407,OPHYS_6_images_B,788017709,Slc17a7-IRES2-Cre,4075.475,-0.06987078
333.70514,1086489601,0.033670966,OPHYS_6_images_B,788017709,Slc17a7-IRES2-Cre,4098.098,-0.061788928
333.73743,1086489601,-0.10475944,OPHYS_6_images_B,788017709,Slc17a7-IRES2-Cre,4070.5132,-0.018517077
333.76974,1086489601,-0.056168288,OPHYS_6_images_B,788017709,Slc17a7-IRES2-Cre,3998.0117,0.041531477
333.80203,1086489601,0.018079292,OPHYS_6_images_B,788017709,Slc17a7-IRES2-Cre,3890.3413,0.08903442
333.83435,1086489601,-0.12579452,OPHYS_6_images_B,788017709,Slc17a7-IRES2-Cre,3827.8804,0.09681546
333.86664,1086489601,-0.03991223,OPHYS_6_images_B,788017709,Slc17a7-IRES2-Cre,3865.8176,0.050961412
333.89896,1086489601,-0.0055492944,OPHYS_6_images_B,788017709,Slc17a7-IRES2-Cre,3885.8022,-0.0483617
333.93127,1086489601,-0.08767353,OPHYS_6_images_B,788017709,Slc17a7-IRES2-Cre,3883.6328,-0.15284903
333.96356,1086489601,-0.093868785,OPHYS_6_images_B,788017709,Slc17a7-IRES2-Cre,3824.6052,-0.18687525
333.99585,1086489601,-0.12438509,OPHYS_6_images_B,788017709,Slc17a7-IRES2-Cre,3942.3342,-0.14003655
334.02817,1086489601,0.013412756,OPHYS_6_images_B,788017709,Slc17a7-IRES2-Cre,4134.355,-0.0634147
334.06046,1086489601,0.06844733,OPHYS_6_images_B,788017709,Slc17a7-IRES2-Cre,4443.545,0.004587938
334.09277,1086489601,0.10003027,OPHYS_6_images_B,788017709,Slc17a7-IRES2-Cre,4404.9087,0.04983131
334.1251,1086489601,0.12285779,OPHYS_6_images_B,788017709,Slc17a7-IRES2-Cre,4260.4863,0.07515004
334.15738,1086489601,0.041379917,OPHYS_6_images_B,788017709,Slc17a7-IRES2-Cre,4390.095,0.07829007
334.1897,1086489601,-0.10425499,OPHYS_6_images_B,788017709,Slc17a7-IRES2-Cre,5046.359,0.046323583
334.222,1086489601,0.055955563,OPHYS_6_images_B,788017709,Slc17a7-IRES2-Cre,4661.0728,-0.0024042323
334.2543,1086489601,0.021100568,OPHYS_6_images_B,788017709,Slc17a7-IRES2-Cre,4494.1953,-0.037603274
334.2866,1086489601,0.0027383289,OPHYS_6_images_B,788017709,Slc17a7-IRES2-Cre,4269.023,-0.05005866
334.3189,1086489601,0,OPHYS_6_images_B,788017709,Slc17a7-IRES2-Cre,4177.3506,-0.035254676
334.3512,1086489601,-0.06911171,OPHYS_6_images_B,788017709,Slc17a7-IRES2-Cre,4262.889,0.0044027762
334.3835,1086489601,-0.029783452,OPHYS_6_images_B,788017709,Slc17a7-IRES2-Cre,4015.1213,0.049970813
334.41583,1086489601,0.088945635,OPHYS_6_images_B,788017709,Slc17a7-IRES2-Cre,4162.402,0.07813403
334.44812,1086489601,-0.033975065,OPHYS_6_images_B,788017709,Slc17a7-IRES2-Cre,4095.2004,0.077154346
334.4804,1086489601,-0.0525613,OPHYS_6_images_B,788017709,Slc17a7-IRES2-Cre,4265.383,0.055037327
334.51273,1086489601,-0.00073524436,OPHYS_6_images_B,788017709,Slc17a7-IRES2-Cre,4062.7683,0.03312204
334.54504,1086489601,-0.0063923826,OPHYS_6_images_B,788017709,Slc17a7-IRES2-Cre,3979.4822,0.017460117
334.57733,1086489601,0.13492717,OPHYS_6_images_B,788017709,Slc17a7-IRES2-Cre,4119.394,-0.021470182
334.60965,1086489601,-0.06709423,OPHYS_6_images_B,788017709,Slc17a7-IRES2-Cre,4285.1294,-0.088975795
334.64194,1086489601,0.038470805,OPHYS_6_images_B,788017709,Slc17a7-IRES2-Cre,4288.8926,-0.13624659
334.67426,1086489601,-0.13100082,OPHYS_6_images_B,788017709,Slc17a7-IRES2-Cre,4303.617,-0.12636521
334.70654,1086489601,0.0030380161,OPHYS_6_images_B,788017709,Slc17a7-IRES2-Cre,4343.4424,-0.068780795
334.73886,1086489601,-0.027550464,OPHYS_6_images_B,788017709,Slc17a7-IRES2-Cre,4477.2466,0.0041965786
334.77115,1086489601,-0.02909867,OPHYS_6_images_B,788017709,Slc17a7-IRES2-Cre,4272.142,0.057519834
334.80347,1086489601,-0.02200427,OPHYS_6_images_B,788017709,Slc17a7-IRES2-Cre,4135.5664,0.069275774
334.8358,1086489601,-0.016330758,OPHYS_6_images_B,788017709,Slc17a7-IRES2-Cre,4258.415,0.04946943
334.86807,1086489601,-0.06864302,OPHYS_6_images_B,788017709,Slc17a7-IRES2-Cre,4339.4834,0.036911294
334.90036,1086489601,-0.0049730106,OPHYS_6_images_B,788017709,Slc17a7-IRES2-Cre,4268.0063,0.04975946
334.93268,1086489601,0.023314035,OPHYS_6_images_B,788017709,Slc17a7-IRES2-Cre,4282.2476,0.06728698
334.96497,1086489601,-0.0849606,OPHYS_6_images_B,788017709,Slc17a7-IRES2-Cre,4249.209,0.06901822
334.99728,1086489601,0.06319427,OPHYS_6_images_B,788017709,Slc17a7-IRES2-Cre,4110.0684,0.053270634
335.0296,1086489601,-0.007021795,OPHYS_6_images_B,788017709,Slc17a7-IRES2-Cre,4218.059,0.019464623
335.0619,1086489601,-0.067790195,OPHYS_6_images_B,788017709,Slc17a7-IRES2-Cre,4409.5977,-0.025360322
335.0942,1086489601,0.028666595,OPHYS_6_images_B,788017709,Slc17a7-IRES2-Cre,4882.2427,-0.069591664
335.1265,1086489601,0.11269641,OPHYS_6_images_B,788017709,Slc17a7-IRES2-Cre,4642.5146,-0.092956744
335.1588,1086489601,0.03964227,OPHYS_6_images_B,788017709,Slc17a7-IRES2-Cre,4215.276,-0.074505776
335.1911,1086489601,-0.050311815,OPHYS_6_images_B,788017709,Slc17a7-IRES2-Cre,4119.0737,-0.007431855
335.22342,1086489601,0.07150263,OPHYS_6_images_B,788017709,Slc17a7-IRES2-Cre,4373.1387,0.07886242
335.2557,1086489601,-0.022307152,OPHYS_6_images_B,788017709,Slc17a7-IRES2-Cre,4429.475,0.121525586
335.28802,1086489601,-0.037933413,OPHYS_6_images_B,788017709,Slc17a7-IRES2-Cre,4391.046,0.07588473
335.32034,1086489601,0.07227361,OPHYS_6_images_B,788017709,Slc17a7-IRES2-Cre,4070.0608,-0.023778457
335.35263,1086489601,0.02562075,OPHYS_6_images_B,788017709,Slc17a7-IRES2-Cre,4274.8984,-0.101128265
335.38492,1086489601,0.073558345,OPHYS_6_images_B,788017709,Slc17a7-IRES2-Cre,4179.971,-0.11527583
335.41724,1086489601,0.028119722,OPHYS_6_images_B,788017709,Slc17a7-IRES2-Cre,4170.0464,-0.07185834
335.44955,1086489601,-0.13771701,OPHYS_6_images_B,788017709,Slc17a7-IRES2-Cre,4125.0312,-0.004550617
335.48184,1086489601,-0.052362636,OPHYS_6_images_B,788017709,Slc17a7-IRES2-Cre,3982.6714,0.048064012
335.51416,1086489601,0.047277536,OPHYS_6_images_B,788017709,Slc17a7-IRES2-Cre,4025.6753,0.063786276
335.54645,1086489601,-0.045850303,OPHYS_6_images_B,788017709,Slc17a7-IRES2-Cre,4127.9043,0.045030575
335.57877,1086489601,-0.03384835,OPHYS_6_images_B,788017709,Slc17a7-IRES2-Cre,3979.4255,0.011338949
335.61105,1086489601,0.09625196,OPHYS_6_images_B,788017709,Slc17a7-IRES2-Cre,4215.4956,-0.022432031
335.64337,1086489601,-0.09594586,OPHYS_6_images_B,788017709,Slc17a7-IRES2-Cre,4413.3945,-0.05823018
335.67566,1086489601,0.040505357,OPHYS_6_images_B,788017709,Slc17a7-IRES2-Cre,4194.641,-0.07851571
335.70798,1086489601,0.029824201,OPHYS_6_images_B,788017709,Slc17a7-IRES2-Cre,4247.15,-0.046757516
335.74026,1086489601,0.14218499,OPHYS_6_images_B,788017709,Slc17a7-IRES2-Cre,4211.219,0.027732281
335.77258,1086489601,0.14057538,OPHYS_6_images_B,788017709,Slc17a7-IRES2-Cre,4054.0825,0.10363064
335.80487,1086489601,0.009164819,OPHYS_6_images_B,788017709,Slc17a7-IRES2-Cre,4132.3247,0.12915955
335.8372,1086489601,0.005776832,OPHYS_6_images_B,788017709,Slc17a7-IRES2-Cre,4193.7773,0.08559834
335.86948,1086489601,-0.05319759,OPHYS_6_images_B,788017709,Slc17a7-IRES2-Cre,4040.0134,-0.009157222
335.9018,1086489601,-0.016411616,OPHYS_6_images_B,788017709,Slc17a7-IRES2-Cre,4008.3596,-0.101306334
335.9341,1086489601,-0.017774215,OPHYS_6_images_B,788017709,Slc17a7-IRES2-Cre,4050.5593,-0.12001927
335.9664,1086489601,-0.050519507,OPHYS_6_images_B,788017709,Slc17a7-IRES2-Cre,4172.9307,-0.06700704
335.99872,1086489601,-0.02255928,OPHYS_6_images_B,788017709,Slc17a7-IRES2-Cre,4184.8066,0.0026744597
336.031,1086489601,-0.017482236,OPHYS_6_images_B,788017709,Slc17a7-IRES2-Cre,4169.447,0.045679405
336.06332,1086489601,0.024860278,OPHYS_6_images_B,788017709,Slc17a7-IRES2-Cre,4432.066,0.048982766
336.0956,1086489601,-0.07709106,OPHYS_6_images_B,788017709,Slc17a7-IRES2-Cre,4362.3584,0.023655122
336.12793,1086489601,0.010886319,OPHYS_6_images_B,788017709,Slc17a7-IRES2-Cre,4533.9785,0.0005689987
336.16022,1086489601,0.017441226,OPHYS_6_images_B,788017709,Slc17a7-IRES2-Cre,4484.7095,0.011673973
336.19254,1086489601,-0.04634251,OPHYS_6_images_B,788017709,Slc17a7-IRES2-Cre,4164.2046,0.058208246
336.22485,1086489601,-0.027749721,OPHYS_6_images_B,788017709,Slc17a7-IRES2-Cre,4099.569,0.094306886
336.25714,1086489601,-0.08636515,OPHYS_6_images_B,788017709,Slc17a7-IRES2-Cre,4190.057,0.07247436
336.28943,1086489601,0.016183363,OPHYS_6_images_B,788017709,Slc17a7-IRES2-Cre,4011.677,-0.007979273
336.32175,1086489601,0.039916694,OPHYS_6_images_B,788017709,Slc17a7-IRES2-Cre,3987.049,-0.09825742
336.35406,1086489601,0.08608189,OPHYS_6_images_B,788017709,Slc17a7-IRES2-Cre,3906.7195,-0.1337833
336.38635,1086489601,0.06454242,OPHYS_6_images_B,788017709,Slc17a7-IRES2-Cre,3736.8743,-0.09798625
336.41867,1086489601,-0.010943054,OPHYS_6_images_B,788017709,Slc17a7-IRES2-Cre,3995.8174,-0.03209785
336.45096,1086489601,0.02699743,OPHYS_6_images_B,788017709,Slc17a7-IRES2-Cre,4198.2236,0.01936242
336.48328,1086489601,0.06891008,OPHYS_6_images_B,788017709,Slc17a7-IRES2-Cre,4029.0085,0.035459068
336.51556,1086489601,0.056076594,OPHYS_6_images_B,788017709,Slc17a7-IRES2-Cre,4185.646,0.015597907
336.54788,1086489601,-0.04858255,OPHYS_6_images_B,788017709,Slc17a7-IRES2-Cre,3866.1858,-0.02305928
336.58017,1086489601,0.033650108,OPHYS_6_images_B,788017709,Slc17a7-IRES2-Cre,4265.3257,-0.05431633
336.6125,1086489601,-0.08142145,OPHYS_6_images_B,788017709,Slc17a7-IRES2-Cre,4227.8374,-0.059072055
336.64478,1086489601,-0.15395176,OPHYS_6_images_B,788017709,Slc17a7-IRES2-Cre,3865.1025,-0.03015216
336.6771,1086489601,-0.040177926,OPHYS_6_images_B,788017709,Slc17a7-IRES2-Cre,3733.3962,0.017910067
336.70938,1086489601,-0.0007755182,OPHYS_6_images_B,788017709,Slc17a7-IRES2-Cre,3584.039,0.06255021
336.7417,1086489601,-0.025192147,OPHYS_6_images_B,788017709,Slc17a7-IRES2-Cre,3860.0464,0.085871555
336.774,1086489601,-0.089146435,OPHYS_6_images_B,788017709,Slc17a7-IRES2-Cre,3887.6663,0.04592978
336.8063,1086489601,0.090496704,OPHYS_6_images_B,788017709,Slc17a7-IRES2-Cre,3783.3582,-0.04827958
336.83862,1086489601,0.045836594,OPHYS_6_images_B,788017709,Slc17a7-IRES2-Cre,3880.8518,-0.11931477
336.8709,1086489601,0.02513974,OPHYS_6_images_B,788017709,Slc17a7-IRES2-Cre,3931.0447,-0.11494088
336.90323,1086489601,-0.06710342,OPHYS_6_images_B,788017709,Slc17a7-IRES2-Cre,3968.4548,-0.03530712
336.93552,1086489601,-0.047885362,OPHYS_6_images_B,788017709,Slc17a7-IRES2-Cre,3898.9333,0.07406627
336.96783,1086489601,-0.04229948,OPHYS_6_images_B,788017709,Slc17a7-IRES2-Cre,3884.889,0.1500318
337.00012,1086489601,-0.0076447,OPHYS_6_images_B,788017709,Slc17a7-IRES2-Cre,4020.0874,0.15097845
337.03244,1086489601,0.06685741,OPHYS_6_images_B,788017709,Slc17a7-IRES2-Cre,4170.6255,0.091618046
337.06473,1086489601,-0.014478944,OPHYS_6_images_B,788017709,Slc17a7-IRES2-Cre,4208.06,0.016064072
337.09705,1086489601,0.017240787,OPHYS_6_images_B,788017709,Slc17a7-IRES2-Cre,4015.7556,-0.048578065
337.12936,1086489601,0.004711111,OPHYS_6_images_B,788017709,Slc17a7-IRES2-Cre,3805.2908,-0.08741106
337.16165,1086489601,-0.077621564,OPHYS_6_images_B,788017709,Slc17a7-IRES2-Cre,3579.5513,-0.09816843
337.19394,1086489601,-0.037435897,OPHYS_6_images_B,788017709,Slc17a7-IRES2-Cre,3789.3938,-0.08683751
337.22626,1086489601,0.014925867,OPHYS_6_images_B,788017709,Slc17a7-IRES2-Cre,4084.3157,-0.052073453
337.25854,1086489601,-0.11384576,OPHYS_6_images_B,788017709,Slc17a7-IRES2-Cre,3962.734,-0.0031900518
337.29086,1086489601,-0.013499502,OPHYS_6_images_B,788017709,Slc17a7-IRES2-Cre,3906.367,0.03457322
337.32318,1086489601,0.027986275,OPHYS_6_images_B,788017709,Slc17a7-IRES2-Cre,4109.2593,0.042402968
337.35547,1086489601,0.011652913,OPHYS_6_images_B,788017709,Slc17a7-IRES2-Cre,4240.032,0.03217949
337.3878,1086489601,-0.11970676,OPHYS_6_images_B,788017709,Slc17a7-IRES2-Cre,3888.297,0.024121644
337.42007,1086489601,0.040956,OPHYS_6_images_B,788017709,Slc17a7-IRES2-Cre,3677.3943,0.014922292
337.4524,1086489601,-0.076110914,OPHYS_6_images_B,788017709,Slc17a7-IRES2-Cre,3741.775,-0.013030763
337.48468,1086489601,-0.09412191,OPHYS_6_images_B,788017709,Slc17a7-IRES2-Cre,3793.2405,-0.0587113
337.517,1086489601,-0.008776988,OPHYS_6_images_B,788017709,Slc17a7-IRES2-Cre,3755.0137,-0.092219114
337.5493,1086489601,0.015001652,OPHYS_6_images_B,788017709,Slc17a7-IRES2-Cre,3827.6477,-0.079849884
337.5816,1086489601,0.07112416,OPHYS_6_images_B,788017709,Slc17a7-IRES2-Cre,3861.836,-0.02382931
337.61392,1086489601,0.06713903,OPHYS_6_images_B,788017709,Slc17a7-IRES2-Cre,4243.2876,0.038635917
337.6462,1086489601,-0.010405785,OPHYS_6_images_B,788017709,Slc17a7-IRES2-Cre,4038.8523,0.074091285
337.6785,1086489601,-0.02506352,OPHYS_6_images_B,788017709,Slc17a7-IRES2-Cre,3702.7097,0.0613421
337.71082,1086489601,0.032029215,OPHYS_6_images_B,788017709,Slc17a7-IRES2-Cre,3681.121,0.009109936
337.74313,1086489601,0.029144563,OPHYS_6_images_B,788017709,Slc17a7-IRES2-Cre,3848.3923,-0.035400305
337.77542,1086489601,-0.046360344,OPHYS_6_images_B,788017709,Slc17a7-IRES2-Cre,3731.9363,-0.04492784
337.80774,1086489601,-0.0580315,OPHYS_6_images_B,788017709,Slc17a7-IRES2-Cre,3884.675,-0.03547957
337.84003,1086489601,0.0018706373,OPHYS_6_images_B,788017709,Slc17a7-IRES2-Cre,3928.398,-0.027833173
337.87234,1086489601,0.06322259,OPHYS_6_images_B,788017709,Slc17a7-IRES2-Cre,3787.4172,-0.026972521
337.90463,1086489601,0.040858656,OPHYS_6_images_B,788017709,Slc17a7-IRES2-Cre,3736.6377,-0.02712698
337.93695,1086489601,-0.04521954,OPHYS_6_images_B,788017709,Slc17a7-IRES2-Cre,3586.1006,-0.013824018
337.96924,1086489601,0.1318214,OPHYS_6_images_B,788017709,Slc17a7-IRES2-Cre,3399.61,0.029088467
338.00156,1086489601,0.017986745,OPHYS_6_images_B,788017709,Slc17a7-IRES2-Cre,3465.1409,0.08498651
338.03387,1086489601,-0.030887386,OPHYS_6_images_B,788017709,Slc17a7-IRES2-Cre,3476.599,0.10792869
338.06616,1086489601,0.20970574,OPHYS_6_images_B,788017709,Slc17a7-IRES2-Cre,3429.193,0.0675845
338.09845,1086489601,-0.0016178268,OPHYS_6_images_B,788017709,Slc17a7-IRES2-Cre,3516.3245,-0.014741348
338.13077,1086489601,0.009812922,OPHYS_6_images_B,788017709,Slc17a7-IRES2-Cre,3558.7915,-0.08219112
338.16306,1086489601,0.02029188,OPHYS_6_images_B,788017709,Slc17a7-IRES2-Cre,3505.325,-0.10916864
338.19537,1086489601,0.038762026,OPHYS_6_images_B,788017709,Slc17a7-IRES2-Cre,3340.7224,-0.10241883
338.2277,1086489601,-0.080801986,OPHYS_6_images_B,788017709,Slc17a7-IRES2-Cre,3575.751,-0.07982614
338.25998,1086489601,-0.08306886,OPHYS_6_images_B,788017709,Slc17a7-IRES2-Cre,3743.8293,-0.055421185
338.2923,1086489601,-0.058074918,OPHYS_6_images_B,788017709,Slc17a7-IRES2-Cre,3608.7632,-0.027114572
338.3246,1086489601,0.07060876,OPHYS_6_images_B,788017709,Slc17a7-IRES2-Cre,3519.662,0.011154708
338.3569,1086489601,0.007501956,OPHYS_6_images_B,788017709,Slc17a7-IRES2-Cre,3503.047,0.05096388
338.3892,1086489601,-0.039118804,OPHYS_6_images_B,788017709,Slc17a7-IRES2-Cre,3698.8157,0.07019231
338.4215,1086489601,0.023810862,OPHYS_6_images_B,788017709,Slc17a7-IRES2-Cre,3481.5461,0.05069232
338.4538,1086489601,-0.053092167,OPHYS_6_images_B,788017709,Slc17a7-IRES2-Cre,3649.3103,0.0048363954
338.4861,1086489601,-0.080443904,OPHYS_6_images_B,788017709,Slc17a7-IRES2-Cre,3951.9795,-0.039788023
338.51843,1086489601,0.027078543,OPHYS_6_images_B,788017709,Slc17a7-IRES2-Cre,3650.9668,-0.06470773
338.55072,1086489601,0.025132194,OPHYS_6_images_B,788017709,Slc17a7-IRES2-Cre,3565.507,-0.06341519
338.583,1086489601,-0.00016022821,OPHYS_6_images_B,788017709,Slc17a7-IRES2-Cre,3760.0378,-0.038586594
338.61533,1086489601,0.03246416,OPHYS_6_images_B,788017709,Slc17a7-IRES2-Cre,3583.009,0.0052735824
338.64764,1086489601,-0.05958644,OPHYS_6_images_B,788017709,Slc17a7-IRES2-Cre,3749.966,0.054741114
338.67993,1086489601,-0.042174816,OPHYS_6_images_B,788017709,Slc17a7-IRES2-Cre,3561.938,0.08062868
338.71225,1086489601,-0.022980366,OPHYS_6_images_B,788017709,Slc17a7-IRES2-Cre,3972.498,0.05303306
338.74454,1086489601,0.101486176,OPHYS_6_images_B,788017709,Slc17a7-IRES2-Cre,3854.6582,-0.012413619
338.77686,1086489601,0.072972745,OPHYS_6_images_B,788017709,Slc17a7-IRES2-Cre,3999.443,-0.073258325
338.80914,1086489601,-0.044605244,OPHYS_6_images_B,788017709,Slc17a7-IRES2-Cre,4046.5945,-0.09920813
338.84146,1086489601,0.0060848477,OPHYS_6_images_B,788017709,Slc17a7-IRES2-Cre,3813.2078,-0.07510877
338.87375,1086489601,0.048589554,OPHYS_6_images_B,788017709,Slc17a7-IRES2-Cre,3792.8708,-0.013687317
338.90607,1086489601,-0.017770562,OPHYS_6_images_B,788017709,Slc17a7-IRES2-Cre,3802.1826,0.053164203
338.9384,1086489601,-0.06404852,OPHYS_6_images_B,788017709,Slc17a7-IRES2-Cre,3810.3567,0.098737024
338.97067,1086489601,-0.0171344,OPHYS_6_images_B,788017709,Slc17a7-IRES2-Cre,3760.2205,0.11226005
339.00296,1086489601,-0.07904059,OPHYS_6_images_B,788017709,Slc17a7-IRES2-Cre,3722.0527,0.087452635
339.03528,1086489601,-0.10008826,OPHYS_6_images_B,788017709,Slc17a7-IRES2-Cre,3547.4255,0.031439498
339.06757,1086489601,-0.012331251,OPHYS_6_images_B,788017709,Slc17a7-IRES2-Cre,3443.8975,-0.02655021
339.09988,1086489601,-0.051352672,OPHYS_6_images_B,788017709,Slc17a7-IRES2-Cre,3567.3335,-0.0648874
339.1322,1086489601,-0.022701064,OPHYS_6_images_B,788017709,Slc17a7-IRES2-Cre,3673.3003,-0.084702134
339.1645,1086489601,-0.10580097,OPHYS_6_images_B,788017709,Slc17a7-IRES2-Cre,3803.449,-0.091122456
339.1968,1086489601,-0.0473962,OPHYS_6_images_B,788017709,Slc17a7-IRES2-Cre,3862.2786,-0.08329076
339.2291,1086489601,0.02388229,OPHYS_6_images_B,788017709,Slc17a7-IRES2-Cre,3853.344,-0.053908944
339.2614,1086489601,0.09879582,OPHYS_6_images_B,788017709,Slc17a7-IRES2-Cre,3765.7542,-0.0052924138
339.2937,1086489601,0.00860878,OPHYS_6_images_B,788017709,Slc17a7-IRES2-Cre,3642.439,0.05222101
339.32602,1086489601,0.02374801,OPHYS_6_images_B,788017709,Slc17a7-IRES2-Cre,3404.5393,0.10771582
339.3583,1086489601,0.037537295,OPHYS_6_images_B,788017709,Slc17a7-IRES2-Cre,3604.5693,0.14055713
339.39062,1086489601,0.028421018,OPHYS_6_images_B,788017709,Slc17a7-IRES2-Cre,3628.4587,0.11860076
339.42294,1086489601,-0.09086666,OPHYS_6_images_B,788017709,Slc17a7-IRES2-Cre,3705.2083,0.029338514
339.45523,1086489601,0.05956509,OPHYS_6_images_B,788017709,Slc17a7-IRES2-Cre,3876.0493,-0.08890238
339.48752,1086489601,0.009682774,OPHYS_6_images_B,788017709,Slc17a7-IRES2-Cre,4211.7715,-0.1533628
339.51984,1086489601,0.040849645,OPHYS_6_images_B,788017709,Slc17a7-IRES2-Cre,3977.5608,-0.112663634
339.55215,1086489601,0.044040006,OPHYS_6_images_B,788017709,Slc17a7-IRES2-Cre,4737.4946,-0.0025446892
339.58444,1086489601,0.24330328,OPHYS_6_images_B,788017709,Slc17a7-IRES2-Cre,4496.797,0.10288579
339.61676,1086489601,0.156555,OPHYS_6_images_B,788017709,Slc17a7-IRES2-Cre,3856.6904,0.14872509
339.64905,1086489601,0.04815012,OPHYS_6_images_B,788017709,Slc17a7-IRES2-Cre,4224.3184,0.12392352
339.68137,1086489601,-0.08871543,OPHYS_6_images_B,788017709,Slc17a7-IRES2-Cre,4075.0076,0.054402214
339.71365,1086489601,0.03533198,OPHYS_6_images_B,788017709,Slc17a7-IRES2-Cre,3960.1628,-0.027122812
339.74597,1086489601,0.027205288,OPHYS_6_images_B,788017709,Slc17a7-IRES2-Cre,4018.7905,-0.09237872
339.77826,1086489601,0.068594374,OPHYS_6_images_B,788017709,Slc17a7-IRES2-Cre,4260.9717,-0.1286586
339.81058,1086489601,-0.030797413,OPHYS_6_images_B,788017709,Slc17a7-IRES2-Cre,4148.3325,-0.13773298
339.84286,1086489601,0.04085508,OPHYS_6_images_B,788017709,Slc17a7-IRES2-Cre,4262.3794,-0.11883036
339.87518,1086489601,-0.036653984,OPHYS_6_images_B,788017709,Slc17a7-IRES2-Cre,4148.3955,-0.07902059
339.90747,1086489601,0.036169246,OPHYS_6_images_B,788017709,Slc17a7-IRES2-Cre,4217.396,-0.024975117
339.9398,1086489601,-0.057289653,OPHYS_6_images_B,788017709,Slc17a7-IRES2-Cre,4222.0933,0.04164432
339.97208,1086489601,-0.051469553,OPHYS_6_images_B,788017709,Slc17a7-IRES2-Cre,4311.1074,0.10218337
340.0044,1086489601,0.06246619,OPHYS_6_images_B,788017709,Slc17a7-IRES2-Cre,4290.7476,0.12247343
340.0367,1086489601,-0.044227745,OPHYS_6_images_B,788017709,Slc17a7-IRES2-Cre,4276.206,0.0900643
340.069,1086489601,-0.0176912,OPHYS_6_images_B,788017709,Slc17a7-IRES2-Cre,4315.745,0.040006425
340.10132,1086489601,-0.07182407,OPHYS_6_images_B,788017709,Slc17a7-IRES2-Cre,4240.201,0.021702759
340.1336,1086489601,0,OPHYS_6_images_B,788017709,Slc17a7-IRES2-Cre,4172.6016,0.036716055
340.16592,1086489601,0.013462859,OPHYS_6_images_B,788017709,Slc17a7-IRES2-Cre,4306.061,0.048603866
340.1982,1086489601,0.12947732,OPHYS_6_images_B,788017709,Slc17a7-IRES2-Cre,4273.6777,0.029556425
340.23053,1086489601,0.01543734,OPHYS_6_images_B,788017709,Slc17a7-IRES2-Cre,4100.1636,-0.011501866
340.26282,1086489601,0.05768653,OPHYS_6_images_B,788017709,Slc17a7-IRES2-Cre,4137.0376,-0.0530277
340.29514,1086489601,0.0059885243,OPHYS_6_images_B,788017709,Slc17a7-IRES2-Cre,3883.2537,-0.07843295
340.32745,1086489601,0.014155189,OPHYS_6_images_B,788017709,Slc17a7-IRES2-Cre,3725.681,-0.06609897
340.35974,1086489601,0.009245066,OPHYS_6_images_B,788017709,Slc17a7-IRES2-Cre,3926.3015,-0.01602523
340.39203,1086489601,-0.072024584,OPHYS_6_images_B,788017709,Slc17a7-IRES2-Cre,4169.492,0.030826576
340.42435,1086489601,-0.026302861,OPHYS_6_images_B,788017709,Slc17a7-IRES2-Cre,4453.872,0.03936367
340.45667,1086489601,-0.13683408,OPHYS_6_images_B,788017709,Slc17a7-IRES2-Cre,4257.866,0.014550734
340.48895,1086489601,-0.040719952,OPHYS_6_images_B,788017709,Slc17a7-IRES2-Cre,3941.796,-0.015378204
340.52127,1086489601,-0.04169437,OPHYS_6_images_B,788017709,Slc17a7-IRES2-Cre,3909.331,-0.035172947
340.55356,1086489601,-0.11370083,OPHYS_6_images_B,788017709,Slc17a7-IRES2-Cre,4003.7175,-0.039162688
340.58588,1086489601,-0.074070774,OPHYS_6_images_B,788017709,Slc17a7-IRES2-Cre,3833.1113,-0.022609925
340.61816,1086489601,-0.040096626,OPHYS_6_images_B,788017709,Slc17a7-IRES2-Cre,4162.2734,0.005546541
340.65048,1086489601,-0.06496241,OPHYS_6_images_B,788017709,Slc17a7-IRES2-Cre,4248.8013,0.026170434
